端末推定,日付,月,推定日時,generation_dir,ファイル名,ファイルパス,分類,サイズbytes,更新時刻,blob_kind,sample_entropy,header_hex,sha256_head1mb,sha256_full_if_small,sqlite_open,sqlite_error,sqlite_table_count,sqlite_tables,files_count,properties_count,integrity_quick
iPhone15 Pro,2026-01-20,2026-01,2026-01-20 13:35:45,H:\Manifest\Friend_Device\iPhone15 Pro\00008130-000C2CA92181001C\Internet_Cafe\2026-01-20-133545  00_ff\Workspace,Manifest.db,H:\Manifest\Friend_Device\iPhone15 Pro\00008130-000C2CA92181001C\Internet_Cafe\2026-01-20-133545  00_ff\Workspace\Manifest.db,exact_manifest_db,215371792,2026-04-20 20:30:44,OPAQUE_HIGH_ENTROPY,7.999819,f0fba6da1eb99ce1e91f5d4fbb967dba116b939cbe5682bdb8850d27016efbbd,2be3228520f8e112c55654e4b50d722aedb2f9bcaec5c327ec440bf206fb1de6,da3d5505dbde82138aa28e63375bfe28eef21fbe8ed259e5dd8e8a81d55a8a58,NO,,,,,,
iPhone15 Pro,2026-01-19,2026-01,2026-01-19 13:33:50,H:\Manifest\Friend_Device\iPhone15 Pro\00008130-000C2CA92181001C\Internet_Cafe\2026-01-19-133350  no\Workspace,Manifest.db,H:\Manifest\Friend_Device\iPhone15 Pro\00008130-000C2CA92181001C\Internet_Cafe\2026-01-19-133350  no\Workspace\Manifest.db,exact_manifest_db,214654992,2026-01-19 20:32:34,OPAQUE_HIGH_ENTROPY,7.999857,86b0a66216cb7d0065cbd44131f9a91af0c1b3f4064b839e4c567e8269d942f2,465b7cdc2fc8bf354ef78acf4dd4b8e7fcbcd423b085ba00ac8a39db8bf88a24,c778a7b1e4e449b3d5a43aa4d5a7838ca3116cac77889e35dbe682662cabdf1d,NO,,,,,,
Friend,2026-01-16,2026-01,2026-01-16 00:00:00,H:\Manifest\Friend_Device\iPhone6 Plus\10177d45c1f7582e34796f23474bffc9cf5f7359\2026-01-16\Internet_Cafe\- 2026-01-16  (00_e9-00_ff),Manifest.db,H:\Manifest\Friend_Device\iPhone6 Plus\10177d45c1f7582e34796f23474bffc9cf5f7359\2026-01-16\Internet_Cafe\- 2026-01-16  (00_e9-00_ff)\Manifest.db,exact_manifest_db,8953872,2026-04-20 20:06:18,OPAQUE_HIGH_ENTROPY,7.999843,847f84c217ea6cfeca8065f1cf1934a44be790cd85bb9cf3aead64152f5d1224,b765b82db9a21bd518bf3cf7099b15b6278c1d8945807b9b6bf028b3d1b4ad79,cf247d268d2709c605a8cc3eff3a2434d0c862100db90e69eeb7a4299c2fc159,NO,,,,,,
Friend,2026-01-16,2026-01,2026-01-16 00:00:00,H:\Manifest\Friend_Device\iPhone6 Plus\10177d45c1f7582e34796f23474bffc9cf5f7359\2026-01-16\Internet_Cafe\- 2026-01-16-164631  00_e9 -,Manifest.db,H:\Manifest\Friend_Device\iPhone6 Plus\10177d45c1f7582e34796f23474bffc9cf5f7359\2026-01-16\Internet_Cafe\- 2026-01-16-164631  00_e9 -\Manifest.db,exact_manifest_db,8953872,2026-04-25 14:57:24,OPAQUE_HIGH_ENTROPY,7.999843,847f84c217ea6cfeca8065f1cf1934a44be790cd85bb9cf3aead64152f5d1224,b765b82db9a21bd518bf3cf7099b15b6278c1d8945807b9b6bf028b3d1b4ad79,cf247d268d2709c605a8cc3eff3a2434d0c862100db90e69eeb7a4299c2fc159,NO,,,,,,
Friend,2026-01-16,2026-01,2026-01-16 00:00:00,H:\Manifest\Friend_Device\iPhone6 Plus\10177d45c1f7582e34796f23474bffc9cf5f7359\2026-01-16\Internet_Cafe\2026-01-16-155346  00_ff,Manifest.db,H:\Manifest\Friend_Device\iPhone6 Plus\10177d45c1f7582e34796f23474bffc9cf5f7359\2026-01-16\Internet_Cafe\2026-01-16-155346  00_ff\Manifest.db,exact_manifest_db,8552464,2026-04-20 19:58:50,OPAQUE_HIGH_ENTROPY,7.999819,cd83e652f149dc15b811b61af96a9279561b9f3c03b8b4e34a8f73ee50432f81,9dbb72b75dcd2790179f921ee0b643785a52533fb508e3fdd551fba3d068b735,68fa2e94ae3461ea90f0f3882c4f9fa264965c7615c69a53be401c69f1f125c1,NO,,,,,,
Friend,2026-01-16,2026-01,2026-01-16 00:00:00,H:\Manifest\Friend_Device\iPhone6 Plus\10177d45c1f7582e34796f23474bffc9cf5f7359\2026-01-16\Internet_Cafe\2026-01-16-164016  00_fa,Manifest.db,H:\Manifest\Friend_Device\iPhone6 Plus\10177d45c1f7582e34796f23474bffc9cf5f7359\2026-01-16\Internet_Cafe\2026-01-16-164016  00_fa\Manifest.db,exact_manifest_db,8953872,2026-04-20 20:02:38,OPAQUE_HIGH_ENTROPY,7.999816,ea1b1372de0bde2b0411f645a4a617528f9a6d1926657e257270b11e6b1d8784,599964966bde9060572a927244832c2db732c7af72dd6b664a0b6137002999ff,7cfa5cce977cbfb72c45f239a3c57808a6bf0e90b6d79d39cdc7bb6cb54eeb3e,NO,,,,,,
Friend,2026-01-17,2026-01,2026-01-17 00:00:00,H:\Manifest\Friend_Device\iPhone6 Plus\10177d45c1f7582e34796f23474bffc9cf5f7359\2026-01-17\My_PC\- 2026-01-17  (00_fa-00_ff) -,Manifest.db,H:\Manifest\Friend_Device\iPhone6 Plus\10177d45c1f7582e34796f23474bffc9cf5f7359\2026-01-17\My_PC\- 2026-01-17  (00_fa-00_ff) -\Manifest.db,exact_manifest_db,8949776,2026-04-20 20:23:46,OPAQUE_HIGH_ENTROPY,7.999826,ed05afab702aaf929a283c1e3fdd9238d6c8931c5561c06923853e6f9d824464,d109073b75bd8278d6a80cfed595ad6febd2b3ee52d9ca127ac327b1a70a9f00,9c2648aac93d20b75aa7193d35e79857b5b496cec54eb147afa9a31be3a1c772,NO,,,,,,
Friend,2026-01-17,2026-01,2026-01-17 00:00:00,H:\Manifest\Friend_Device\iPhone6 Plus\10177d45c1f7582e34796f23474bffc9cf5f7359\2026-01-17\My_PC\- 2026-01-17-005317  00_fa -,Manifest.db,H:\Manifest\Friend_Device\iPhone6 Plus\10177d45c1f7582e34796f23474bffc9cf5f7359\2026-01-17\My_PC\- 2026-01-17-005317  00_fa -\Manifest.db,exact_manifest_db,8949776,2026-04-20 20:19:04,OPAQUE_HIGH_ENTROPY,7.999826,ed05afab702aaf929a283c1e3fdd9238d6c8931c5561c06923853e6f9d824464,d109073b75bd8278d6a80cfed595ad6febd2b3ee52d9ca127ac327b1a70a9f00,9c2648aac93d20b75aa7193d35e79857b5b496cec54eb147afa9a31be3a1c772,NO,,,,,,
Friend,2026-01-17,2026-01,2026-01-17 00:00:00,H:\Manifest\Friend_Device\iPhone6 Plus\10177d45c1f7582e34796f23474bffc9cf5f7359\2026-01-17\My_PC\2026-01-17-000353  00_ff,Manifest.db,H:\Manifest\Friend_Device\iPhone6 Plus\10177d45c1f7582e34796f23474bffc9cf5f7359\2026-01-17\My_PC\2026-01-17-000353  00_ff\Manifest.db,exact_manifest_db,8560656,2026-04-20 20:13:40,OPAQUE_HIGH_ENTROPY,7.999834,e7675db22d5335200bc90178d93286b1f34c43495a1fb01bc0940f9b2ea585b3,9679b7173d4c2fb67595f29604bd039410211379e9717b62a2e5f3963f7a7471,c8a6908b62b07021f6d941f57c57794ddb185d999713725f3523c621141ae6dd,NO,,,,,,
Friend,2026-01-17,2026-01,2026-01-17 00:00:00,H:\Manifest\Friend_Device\iPhone6 Plus\10177d45c1f7582e34796f23474bffc9cf5f7359\2026-01-17\My_PC\2026-01-17-000824  00_e9,Manifest.db,H:\Manifest\Friend_Device\iPhone6 Plus\10177d45c1f7582e34796f23474bffc9cf5f7359\2026-01-17\My_PC\2026-01-17-000824  00_e9\Manifest.db,exact_manifest_db,8962064,2026-04-20 20:17:20,OPAQUE_HIGH_ENTROPY,7.999798,b319a8520c7bb4d1e522fd6fa6331d2db78b57b8d0ce598cd544617f6cb09662,4d50eb11206824af97eacdacf8d90504d2ee43ee0f4fff648ace2368ab514e73,2851f3d757eaee643a99038d1eeef68905c3e8cb4d9199fe729c032f9d44be79,NO,,,,,,
Friend,2026-01-21,2026-01,2026-01-21 00:00:00,H:\Manifest\Friend_Device\iPhone6 Plus\10177d45c1f7582e34796f23474bffc9cf5f7359\2026-01-21\My_PC\- 2026-01-21  (00_e9-00_ff) -,Manifest.db,H:\Manifest\Friend_Device\iPhone6 Plus\10177d45c1f7582e34796f23474bffc9cf5f7359\2026-01-21\My_PC\- 2026-01-21  (00_e9-00_ff) -\Manifest.db,exact_manifest_db,8953872,2026-04-20 20:44:08,OPAQUE_HIGH_ENTROPY,7.999815,5fdd896a9dc20628fc7901d82392f483d30f34239edd511083ab814390c17f4b,bcd69d13eca584ec8013df7f3e9c52aea718e46db61fa4aa084755aa2102c71b,da2ae77b5d4bc321ed400922def63404785ffe217c6bb19f0f5e86244594bfae,NO,,,,,,
Friend,2026-01-21,2026-01,2026-01-21 00:00:00,H:\Manifest\Friend_Device\iPhone6 Plus\10177d45c1f7582e34796f23474bffc9cf5f7359\2026-01-21\My_PC\- 2026-01-21-170058  00_e9 -,Manifest.db,H:\Manifest\Friend_Device\iPhone6 Plus\10177d45c1f7582e34796f23474bffc9cf5f7359\2026-01-21\My_PC\- 2026-01-21-170058  00_e9 -\Manifest.db,exact_manifest_db,8953872,2026-04-20 20:42:42,OPAQUE_HIGH_ENTROPY,7.999815,5fdd896a9dc20628fc7901d82392f483d30f34239edd511083ab814390c17f4b,bcd69d13eca584ec8013df7f3e9c52aea718e46db61fa4aa084755aa2102c71b,da2ae77b5d4bc321ed400922def63404785ffe217c6bb19f0f5e86244594bfae,NO,,,,,,
Friend,2026-01-21,2026-01,2026-01-21 00:00:00,H:\Manifest\Friend_Device\iPhone6 Plus\10177d45c1f7582e34796f23474bffc9cf5f7359\2026-01-21\My_PC\2026-01-21-163140  00_ff,Manifest.db,H:\Manifest\Friend_Device\iPhone6 Plus\10177d45c1f7582e34796f23474bffc9cf5f7359\2026-01-21\My_PC\2026-01-21-163140  00_ff\Manifest.db,exact_manifest_db,8564752,2026-04-20 20:37:50,OPAQUE_HIGH_ENTROPY,7.999845,50215ed770f75b41339cf3a99d45d4a00d8ce60d54a03906f034aeb6973595ca,53ca443338e0edc5d869b4adaa5deb408be96b048d90511f25c329e43eec9cc3,0e705c88c1e3d87769125f9343e7f561cc77df1f7500528ebe146ed7a9a024ad,NO,,,,,,
Friend,2026-01-21,2026-01,2026-01-21 00:00:00,H:\Manifest\Friend_Device\iPhone6 Plus\10177d45c1f7582e34796f23474bffc9cf5f7359\2026-01-21\My_PC\2026-01-21-165931  00_fa,Manifest.db,H:\Manifest\Friend_Device\iPhone6 Plus\10177d45c1f7582e34796f23474bffc9cf5f7359\2026-01-21\My_PC\2026-01-21-165931  00_fa\Manifest.db,exact_manifest_db,8949776,2026-04-20 20:40:54,OPAQUE_HIGH_ENTROPY,7.999853,390489d422b01f48f93b93ad2f404e830864fe1d152a8ae9bd61c9671f5a4cc0,7cbf0cb58665f156a4a9496a8f702627d1a9edd6e2521a3818d480451878da31,0df40fe0add6e6af4cbb0dde0d7d45aa6794525296164f3cdcf6fb27b88c0d7d,NO,,,,,,
Friend,2026-01-29,2026-01,2026-01-29 00:00:00,H:\Manifest\Friend_Device\iPhone12 Pro Max\00008101-000A281C14B9003A\My_PC\2026-01-29,Manifest.db,H:\Manifest\Friend_Device\iPhone12 Pro Max\00008101-000A281C14B9003A\My_PC\2026-01-29\Manifest.db,exact_manifest_db,385622032,2026-04-20 21:06:12,OPAQUE_HIGH_ENTROPY,7.999796,0ce8519316aa246e6da4ec504f33b29436de9ce6860324f8773129bc039c81bf,de395df42d1beee7719c2ad3fff47dd3bae259155e50a75b13ee0fa334b5ff90,8662b21ac132636da29796027b035d8d1c9ab3af1562c5808c9116f430daf981,NO,,,,,,
iPhone13,2025-12-19,2025-12,2025-12-19 00:00:00,H:\Manifest\Friend_Device\iPhone13\My_PC\00008110-001A7D222E33601E\- 2025-12-19_1  (01_fe-00_ff) -,Manifest.db,H:\Manifest\Friend_Device\iPhone13\My_PC\00008110-001A7D222E33601E\- 2025-12-19_1  (01_fe-00_ff) -\Manifest.db,exact_manifest_db,525729808,2025-12-20 17:26:00,OPAQUE_HIGH_ENTROPY,7.999825,958bdfac62fda1f293f55253f81ff216407cffe2c1efefda2ba752e814804355,fc19c10c5f051477e2d03f0bbc2fde19ffd505219c94f311276f72e0a221dacf,216394eb6ebba8934029e97a3e0154006d5707919680e576d3c1d5a53fcd3636,NO,,,,,,
iPhone13,2025-12-20,2025-12,2025-12-20 17:28:21,H:\Manifest\Friend_Device\iPhone13\My_PC\00008110-001A7D222E33601E\- 2025-12-20-172821  01_fe -,Manifest.db,H:\Manifest\Friend_Device\iPhone13\My_PC\00008110-001A7D222E33601E\- 2025-12-20-172821  01_fe -\Manifest.db,exact_manifest_db,525729808,2025-12-20 17:26:00,OPAQUE_HIGH_ENTROPY,7.999825,958bdfac62fda1f293f55253f81ff216407cffe2c1efefda2ba752e814804355,fc19c10c5f051477e2d03f0bbc2fde19ffd505219c94f311276f72e0a221dacf,216394eb6ebba8934029e97a3e0154006d5707919680e576d3c1d5a53fcd3636,NO,,,,,,
iPhone13,2025-12-20,2025-12,2025-12-20 15:27:13,H:\Manifest\Friend_Device\iPhone13\My_PC\00008110-001A7D222E33601E\2025-12-20-152713  00_ff,Manifest.db,H:\Manifest\Friend_Device\iPhone13\My_PC\00008110-001A7D222E33601E\2025-12-20-152713  00_ff\Manifest.db,exact_manifest_db,519921680,2025-12-20 15:24:18,OPAQUE_HIGH_ENTROPY,7.99983,c264196a8b278e9f1c568094e37514d7db01e113579f48333b0ce158ee52a2a9,81eaf5d176e12ca0a4066ad37f14583b73c58eb559577f41e7e1479511a2f817,38bfdba7e8b60b0072f244008813adaadeccf2b19b63707e05b32e52019a2b2e,NO,,,,,,
iPhone13,2025-12-20,2025-12,2025-12-20 17:03:51,H:\Manifest\Friend_Device\iPhone13\My_PC\00008110-001A7D222E33601E\2025-12-20-170351  00_fe,Manifest.db,H:\Manifest\Friend_Device\iPhone13\My_PC\00008110-001A7D222E33601E\2025-12-20-170351  00_fe\Manifest.db,exact_manifest_db,526159888,2025-12-20 17:01:42,OPAQUE_HIGH_ENTROPY,7.999834,5824e72eff9ee77928e1efc4b7be9dde0c245a40bf31fefdd9b2db1b18e270be,70e5cb7023fabf3c2c85537aba59812a9bc8ec35c4f71cf9546ff8b3a5c21693,9aef95a7d9b26047ab1ff70a04ef040c9aaa72cbcf1f623f7b9806f99c127f01,NO,,,,,,
12G,2025-12-30,2025-12,2025-12-30 00:00:00,H:\Manifest\My_Device\12G\00008101-0010145911E0001E\2025-12-30\2025-12-30-154642  00_ff,Manifest.db,H:\Manifest\My_Device\12G\00008101-0010145911E0001E\2025-12-30\2025-12-30-154642  00_ff\Manifest.db,exact_manifest_db,122355728,2025-12-30 15:45:50,OPAQUE_HIGH_ENTROPY,7.999827,f98a98829e1b291b264f7ae6aa592fc729254a631e7fb89d376e3655c9611112,3bddc3c7adcc5072e9d499446f682a03393b7ab565e691afd140f8ca19034b78,c2e67c0ca9dd1dda1517d8a2fbdf3df44d708e2bf3d6d92733921363b9be0b3b,NO,,,,,,
12G,2025-12-31,2025-12,2025-12-31 00:00:00,H:\Manifest\My_Device\12G\00008101-0010145911E0001E\2025-12-31\- 2025-12-31  (0c_fa-00_ff) -,Manifest.db,H:\Manifest\My_Device\12G\00008101-0010145911E0001E\2025-12-31\- 2025-12-31  (0c_fa-00_ff) -\Manifest.db,exact_manifest_db,119406608,2025-12-31 07:52:26,OPAQUE_HIGH_ENTROPY,7.999837,71730d55b0e2d920a2a89185195d8382b8f601ac3270b81171d1f651c2c1c732,19f5d3cdb2e04265cb0fc94c03e1178ffe069383f34a4251fba332b2b7dd9bf8,1399a0f3743d2889d7100470b5a75e295ab999a8e5f631b6d9c8a28e802daeb8,NO,,,,,,
12G,2025-12-31,2025-12,2025-12-31 00:00:00,H:\Manifest\My_Device\12G\00008101-0010145911E0001E\2025-12-31\- 2025-12-31-075308  0c_fa -,Manifest.db,H:\Manifest\My_Device\12G\00008101-0010145911E0001E\2025-12-31\- 2025-12-31-075308  0c_fa -\Manifest.db,exact_manifest_db,119406608,2025-12-31 07:52:26,OPAQUE_HIGH_ENTROPY,7.999837,71730d55b0e2d920a2a89185195d8382b8f601ac3270b81171d1f651c2c1c732,19f5d3cdb2e04265cb0fc94c03e1178ffe069383f34a4251fba332b2b7dd9bf8,1399a0f3743d2889d7100470b5a75e295ab999a8e5f631b6d9c8a28e802daeb8,NO,,,,,,
12G,2025-12-31,2025-12,2025-12-31 00:00:00,H:\Manifest\My_Device\12G\00008101-0010145911E0001E\2025-12-31\2025-12-31-072503  0a_fe,Manifest.db,H:\Manifest\My_Device\12G\00008101-0010145911E0001E\2025-12-31\2025-12-31-072503  0a_fe\Manifest.db,exact_manifest_db,119336976,2025-12-31 07:24:22,OPAQUE_HIGH_ENTROPY,7.999829,1c73b8906bea1f6427d57427932036101557233532760f02ec1c048aa09a9ae1,dab9845e3a46103bdcccdedc4a4b060e93fa64fe39549aaf1cdefc02d6862841,5a310fcb9993e98b929cf2c98f75859dd2f6ed48289fe60e933f6198c489e15f,NO,,,,,,
12G,2026-01-06,2026-01,2026-01-06 00:00:00,H:\Manifest\My_Device\12G\00008101-0010145911E0001E\2026-01-06\- 2026-01-06  (01_fa-00_ff) -,Manifest.db,H:\Manifest\My_Device\12G\00008101-0010145911E0001E\2026-01-06\- 2026-01-06  (01_fa-00_ff) -\Manifest.db,exact_manifest_db,119865360,2026-01-06 23:41:28,OPAQUE_HIGH_ENTROPY,7.99981,3f120c7c5e21a5228430d227ef534eb1f71a6edaf137c26f8ffd37a97af9351b,1b0f9f1eaf76941f115e6bb25cc2cfbb3156386114829fd8d2ef426f51cd038f,0dc023f8ec2725ebd791ab704ffaa5b74f32b3c3a32d5b848e7308a4060dd1f9,NO,,,,,,
12G,2026-01-06,2026-01,2026-01-06 00:00:00,H:\Manifest\My_Device\12G\00008101-0010145911E0001E\2026-01-06\- 2026-01-06-234154  01_fa -,Manifest.db,H:\Manifest\My_Device\12G\00008101-0010145911E0001E\2026-01-06\- 2026-01-06-234154  01_fa -\Manifest.db,exact_manifest_db,119865360,2026-01-06 23:41:28,OPAQUE_HIGH_ENTROPY,7.99981,3f120c7c5e21a5228430d227ef534eb1f71a6edaf137c26f8ffd37a97af9351b,1b0f9f1eaf76941f115e6bb25cc2cfbb3156386114829fd8d2ef426f51cd038f,0dc023f8ec2725ebd791ab704ffaa5b74f32b3c3a32d5b848e7308a4060dd1f9,NO,,,,,,
12G,2026-01-06,2026-01,2026-01-06 00:00:00,H:\Manifest\My_Device\12G\00008101-0010145911E0001E\2026-01-06\-- 2026-01-06  (01_fa-00_ff) --,Manifest.db,H:\Manifest\My_Device\12G\00008101-0010145911E0001E\2026-01-06\-- 2026-01-06  (01_fa-00_ff) --\Manifest.db,exact_manifest_db,119873552,2026-01-06 19:39:38,OPAQUE_HIGH_ENTROPY,7.999838,7fe1fb54f055bdea41849ca5c173d147a2d5821edaf48d4ca348c80fb9cea5c8,ab090e0fa7b09b97bfba768771e98409e797b5de99917a84a233f1e375e21a2b,a8aa6795eba469301bfc2917080363f364549a4a7b742e055c707add09303953,NO,,,,,,
12G,2026-01-06,2026-01,2026-01-06 00:00:00,H:\Manifest\My_Device\12G\00008101-0010145911E0001E\2026-01-06\-- 2026-01-06-194020  01_fa --,Manifest.db,H:\Manifest\My_Device\12G\00008101-0010145911E0001E\2026-01-06\-- 2026-01-06-194020  01_fa --\Manifest.db,exact_manifest_db,119873552,2026-01-06 19:39:38,OPAQUE_HIGH_ENTROPY,7.999838,7fe1fb54f055bdea41849ca5c173d147a2d5821edaf48d4ca348c80fb9cea5c8,ab090e0fa7b09b97bfba768771e98409e797b5de99917a84a233f1e375e21a2b,a8aa6795eba469301bfc2917080363f364549a4a7b742e055c707add09303953,NO,,,,,,
12G,2026-01-06,2026-01,2026-01-06 00:00:00,H:\Manifest\My_Device\12G\00008101-0010145911E0001E\2026-01-06\2026-01-06-193421  00_ff,Manifest.db,H:\Manifest\My_Device\12G\00008101-0010145911E0001E\2026-01-06\2026-01-06-193421  00_ff\Manifest.db,exact_manifest_db,123105296,2026-01-06 19:33:28,OPAQUE_HIGH_ENTROPY,7.999822,645c843143792fe989040638f62c01d96ecda52caec5f8effd12208f163a72f6,3bef1d2a39c69b2f9afd977e26d3e2ffc6b256ef76ed3b65992dc0e1a30b83e7,307311c89d85aa8f702840b4ac86958e5d999d940b49b98feace7bea977c2d98,NO,,,,,,
12G,2026-01-06,2026-01,2026-01-06 00:00:00,H:\Manifest\My_Device\12G\00008101-0010145911E0001E\2026-01-06\2026-01-06-215614  00_ff,Manifest.db,H:\Manifest\My_Device\12G\00008101-0010145911E0001E\2026-01-06\2026-01-06-215614  00_ff\Manifest.db,exact_manifest_db,123105296,2026-01-06 21:55:34,OPAQUE_HIGH_ENTROPY,7.999825,c1a211f86c038d1b675ec70676825aa77c98d1f01879a363d798499beda59129,2f06e1349bf18053795c8c03b17af1cc52ab9fb577bed99ef3c33445406d1fe1,60c8999e52177dd7f3d402baf73b39a8fdcc53808cbafe00a0f1a43213798d82,NO,,,,,,
12G,2026-01-24,2026-01,2026-01-24 00:00:00,H:\Manifest\My_Device\12G\00008101-0010145911E0001E\2026-01-24\2026-01-24-123640  00_ff,Manifest.db,H:\Manifest\My_Device\12G\00008101-0010145911E0001E\2026-01-24\2026-01-24-123640  00_ff\Manifest.db,exact_manifest_db,118984720,2026-04-19 19:45:38,OPAQUE_HIGH_ENTROPY,7.999837,7ef51af27d25a98a19bcc542b7ad7adce4be730ee057a6f8f06e35b4a5298f67,57b00462dd364271611992882d56427895fb1b611a022ea1ba59ed3f0430b5af,b190ad3f203a0f23da4f02573eeec8d49bd5158f6d10f5fe3fd1b55aff3ff0a5,NO,,,,,,
12G,2026-01-25,2026-01,2026-01-25 00:00:00,H:\Manifest\My_Device\12G\00008101-0010145911E0001E\2026-01-25\2026-01-25-143903  00_ff,Manifest.db,H:\Manifest\My_Device\12G\00008101-0010145911E0001E\2026-01-25\2026-01-25-143903  00_ff\Manifest.db,exact_manifest_db,119201808,2026-04-19 19:50:24,OPAQUE_HIGH_ENTROPY,7.999836,4af354bdd422b47829ddf664d8b02b1223b7f60e29d274f46c7e722b02667daa,acfb900ba1bf60683a68b25b1b6ee7c90fe9c7ecbd341570c89e5ccf5e4580ca,0161173604bb1b1bdf47c1476afb2e83d578f5eaf4ccfd8dc0c37e30de64e232,NO,,,,,,
12G,2026-01-26,2026-01,2026-01-26 00:00:00,H:\Manifest\My_Device\12G\00008101-0010145911E0001E\2026-01-26\- 2026-01-26-094229  (0d_fe-00_ff) -,Manifest.db,H:\Manifest\My_Device\12G\00008101-0010145911E0001E\2026-01-26\- 2026-01-26-094229  (0d_fe-00_ff) -\Manifest.db,exact_manifest_db,116281360,2026-04-19 20:17:56,OPAQUE_HIGH_ENTROPY,7.999843,9e56e08dbcc68c81c72467c3818d4bc2924f707dee3778dab1b431b579e50350,bae35d9c194cffd90b71752412411c1f75e1ffc7563cd7c1361bf0e0725e18ee,d55169465f68317e9ab662fca36cbfaec59b15c119b16a0fe58cbd944a55ffa6,NO,,,,,,
12G,2026-01-26,2026-01,2026-01-26 00:00:00,H:\Manifest\My_Device\12G\00008101-0010145911E0001E\2026-01-26\- 2026-01-26-094229  0d_fe -,Manifest.db,H:\Manifest\My_Device\12G\00008101-0010145911E0001E\2026-01-26\- 2026-01-26-094229  0d_fe -\Manifest.db,exact_manifest_db,116281360,2026-04-19 20:13:58,OPAQUE_HIGH_ENTROPY,7.999843,9e56e08dbcc68c81c72467c3818d4bc2924f707dee3778dab1b431b579e50350,bae35d9c194cffd90b71752412411c1f75e1ffc7563cd7c1361bf0e0725e18ee,d55169465f68317e9ab662fca36cbfaec59b15c119b16a0fe58cbd944a55ffa6,NO,,,,,,
12G,2026-01-26,2026-01,2026-01-26 00:00:00,H:\Manifest\My_Device\12G\00008101-0010145911E0001E\2026-01-26\2026-01-26-084325  00_fe,Manifest.db,H:\Manifest\My_Device\12G\00008101-0010145911E0001E\2026-01-26\2026-01-26-084325  00_fe\Manifest.db,exact_manifest_db,116428816,2026-04-19 20:11:12,OPAQUE_HIGH_ENTROPY,7.999805,19071606945f918fc9b4af330a8d73848a98b6c850ec5d9ea54466b8b9ec5d2e,243643c29539e51f2cc3691acd16f5cd8c0c554366121eca320cf7fb9383d931,f0285a126874cde18e07fb993f7b942e227088643192beb13be6fa9d4ffda370,NO,,,,,,
12G,2026-01-27,2026-01,2026-01-27 00:00:00,H:\Manifest\My_Device\12G\00008101-0010145911E0001E\2026-01-27\- 2026-01-27  (00_fe-00_ff) -,Manifest.db,H:\Manifest\My_Device\12G\00008101-0010145911E0001E\2026-01-27\- 2026-01-27  (00_fe-00_ff) -\Manifest.db,exact_manifest_db,116572176,2026-04-19 20:31:04,OPAQUE_HIGH_ENTROPY,7.999836,90beadcdf97958fae444bbcc38617cae14aa5aadd713e0359a351ca7bceada29,7991345e16f186c9f3e7d8bf6cabaeb2261f05756d61fbb85c5b6ca8b028044e,fd735468851263858b99293fc7f386f94195dc1fb9ff45df4c99a161d46b801b,NO,,,,,,
12G,2026-01-27,2026-01,2026-01-27 00:00:00,H:\Manifest\My_Device\12G\00008101-0010145911E0001E\2026-01-27\-2026-01-27-090130  00_fe -,Manifest.db,H:\Manifest\My_Device\12G\00008101-0010145911E0001E\2026-01-27\-2026-01-27-090130  00_fe -\Manifest.db,exact_manifest_db,116572176,2026-04-19 20:27:46,OPAQUE_HIGH_ENTROPY,7.999836,90beadcdf97958fae444bbcc38617cae14aa5aadd713e0359a351ca7bceada29,7991345e16f186c9f3e7d8bf6cabaeb2261f05756d61fbb85c5b6ca8b028044e,fd735468851263858b99293fc7f386f94195dc1fb9ff45df4c99a161d46b801b,NO,,,,,,
12G,2026-01-31,2026-01,2026-01-31 00:00:00,H:\Manifest\My_Device\12G\00008101-0010145911E0001E\2026-01-31\2026-01-31-092458  No,Manifest.db,H:\Manifest\My_Device\12G\00008101-0010145911E0001E\2026-01-31\2026-01-31-092458  No\Manifest.db,exact_manifest_db,118984720,2026-01-31 10:39:42,OPAQUE_HIGH_ENTROPY,7.999837,7ef51af27d25a98a19bcc542b7ad7adce4be730ee057a6f8f06e35b4a5298f67,57b00462dd364271611992882d56427895fb1b611a022ea1ba59ed3f0430b5af,b190ad3f203a0f23da4f02573eeec8d49bd5158f6d10f5fe3fd1b55aff3ff0a5,NO,,,,,,
12G,2026-01-31,2026-01,2026-01-31 00:00:00,H:\Manifest\My_Device\12G\00008101-0010145911E0001E\2026-01-31\2026-01-31-162458  00_ff,Manifest.db,H:\Manifest\My_Device\12G\00008101-0010145911E0001E\2026-01-31\2026-01-31-162458  00_ff\Manifest.db,exact_manifest_db,119980048,2026-04-19 20:38:32,OPAQUE_HIGH_ENTROPY,7.999801,589344dfef20485aceca0cd98450a255fa4d80e994f8dbc109cd49bcc62a905c,fbce5ff34e554b9febf430a1cbc8ff1942b7c7a589701056c515d288056ae9bb,c5fb7c8c33256a14c86b26ad4669fc42abc707b61f747b60fc826623c689cbe2,NO,,,,,,
12G,2026-02-01,2026-02,2026-02-01 00:00:00,H:\Manifest\My_Device\12G\00008101-0010145911E0001E\2026-02-01\- 2026-02-01-134402  (00_fe-00_ff) -,Manifest.db,H:\Manifest\My_Device\12G\00008101-0010145911E0001E\2026-02-01\- 2026-02-01-134402  (00_fe-00_ff) -\Manifest.db,exact_manifest_db,117424144,2026-04-19 20:54:24,OPAQUE_HIGH_ENTROPY,7.999822,7c014748fe763222f523f2a60104ff9d82cc6497510a4bc46b484d9beb2beb72,93760800cc0b7f7fb1922d0e19dc7486f0b61c9dd3e48f2c9e661943079bbfb5,8d0ee3958a57392b133637c5cc740d92a56239ec05b857049b8e18c05b064f5e,NO,,,,,,
12G,2026-02-01,2026-02,2026-02-01 00:00:00,H:\Manifest\My_Device\12G\00008101-0010145911E0001E\2026-02-01\- 2026-02-01-134402  00_fe -,Manifest.db,H:\Manifest\My_Device\12G\00008101-0010145911E0001E\2026-02-01\- 2026-02-01-134402  00_fe -\Manifest.db,exact_manifest_db,117424144,2026-04-19 20:51:24,OPAQUE_HIGH_ENTROPY,7.999822,7c014748fe763222f523f2a60104ff9d82cc6497510a4bc46b484d9beb2beb72,93760800cc0b7f7fb1922d0e19dc7486f0b61c9dd3e48f2c9e661943079bbfb5,8d0ee3958a57392b133637c5cc740d92a56239ec05b857049b8e18c05b064f5e,NO,,,,,,
12G,2026-02-01,2026-02,2026-02-01 00:00:00,H:\Manifest\My_Device\12G\00008101-0010145911E0001E\2026-02-01\2026-02-01-091238  00_ff,Manifest.db,H:\Manifest\My_Device\12G\00008101-0010145911E0001E\2026-02-01\2026-02-01-091238  00_ff\Manifest.db,exact_manifest_db,119922704,2026-04-19 20:43:20,OPAQUE_HIGH_ENTROPY,7.999825,a407732115bbb1d7ba3acc33788cf256667a646e6e85291f9ed4f53373d06c6d,5e5b91bceca9ba0bcffa919df6eb9cbf218ff2b460386f1cbc4910c5e9923dd7,b2e4d3d3210e59c17cd50f4a2f082d2119dc475fc64dace8275cdfc71f324f67,NO,,,,,,
12G,2026-02-01,2026-02,2026-02-01 00:00:00,H:\Manifest\My_Device\12G\00008101-0010145911E0001E\2026-02-01\2026-02-01-113907  00_ff,Manifest.db,H:\Manifest\My_Device\12G\00008101-0010145911E0001E\2026-02-01\2026-02-01-113907  00_ff\Manifest.db,exact_manifest_db,120016912,2026-04-19 21:11:12,OPAQUE_HIGH_ENTROPY,7.999828,3612d0c0559d51d1fd03274e4a9473f4ff385a867a51f3104ae063a61265958e,168af89320707f31f39a8d9730874e09b094ff8d8a22d33fac48fcd59e025c97,9da73cc4e55fa4fd0b5dc0ccc550f7cc55161e41775d1edb98aa20e30929ff79,NO,,,,,,
12G,2026-02-01,2026-02,2026-02-01 00:00:00,H:\Manifest\My_Device\12G\00008101-0010145911E0001E\2026-02-01\2026-02-01-160423  00_ff,Manifest.db,H:\Manifest\My_Device\12G\00008101-0010145911E0001E\2026-02-01\2026-02-01-160423  00_ff\Manifest.db,exact_manifest_db,120496144,2026-04-19 21:06:46,OPAQUE_HIGH_ENTROPY,7.999811,d092b5822fdeba37f31dea788adf6ed6ea2fe748a7306457fce9a0eded3d373d,83acb84f737f614909edc114a041fe51d65490a67ceaa47b64c1e3b937081a5e,d36775ed8cd035f2bb4fa8584ef3d81634c26ed63a9522db222fa6a21092bbc1,NO,,,,,,
15G,2025-12-20,2025-12,2025-12-20 00:00:00,H:\Manifest\My_Device\15G\00008101-000524EC3A30001E\2025-12-20\- 2025-12-19_1  (00_fe-00_ff) -,Manifest.db,H:\Manifest\My_Device\15G\00008101-000524EC3A30001E\2025-12-20\- 2025-12-19_1  (00_fe-00_ff) -\Manifest.db,exact_manifest_db,139739152,2025-12-20 12:47:58,OPAQUE_HIGH_ENTROPY,7.999821,26eeb849461d40ecf655a7f4769c6350410096531f408976866369f64b219c07,961ee217ed3a955dc75c00a74f25362883eb202294e6b5b66bdead69ed84075d,115fc9f518feed7afbdb10dd5dc5ce6e68c09ad37abf6316b5eb0b2f47bfe0af,NO,,,,,,
15G,2025-12-20,2025-12,2025-12-20 00:00:00,H:\Manifest\My_Device\15G\00008101-000524EC3A30001E\2025-12-20\- 2025-12-20-113001  00_ff -,Manifest.db,H:\Manifest\My_Device\15G\00008101-000524EC3A30001E\2025-12-20\- 2025-12-20-113001  00_ff -\Manifest.db,exact_manifest_db,141697040,2025-12-20 11:29:10,OPAQUE_HIGH_ENTROPY,7.999798,edc13d885187c794152b626990b78f5d7aa496e12ddfc4edf6912cdb55411294,b934a28854468927cc7c08bb887520b2beac6085d199aa5fd3959a2710cc41a3,82131435bc8d2bf48338abb3d7d16abcf5b92eaff69f32c2f09e92000e4785ab,NO,,,,,,
15G,2025-12-20,2025-12,2025-12-20 00:00:00,H:\Manifest\My_Device\15G\00008101-000524EC3A30001E\2025-12-20\2025-12-20-124836  00_fe,Manifest.db,H:\Manifest\My_Device\15G\00008101-000524EC3A30001E\2025-12-20\2025-12-20-124836  00_fe\Manifest.db,exact_manifest_db,139739152,2025-12-20 12:47:58,OPAQUE_HIGH_ENTROPY,7.999821,26eeb849461d40ecf655a7f4769c6350410096531f408976866369f64b219c07,961ee217ed3a955dc75c00a74f25362883eb202294e6b5b66bdead69ed84075d,115fc9f518feed7afbdb10dd5dc5ce6e68c09ad37abf6316b5eb0b2f47bfe0af,NO,,,,,,
15G,2025-12-22,2025-12,2025-12-22 00:00:00,H:\Manifest\My_Device\15G\00008101-000524EC3A30001E\2025-12-22\2025-12-22-021728  00_ff,Manifest.db,H:\Manifest\My_Device\15G\00008101-000524EC3A30001E\2025-12-22\2025-12-22-021728  00_ff\Manifest.db,exact_manifest_db,141819920,2025-12-22 02:15:34,OPAQUE_HIGH_ENTROPY,7.999812,104b506a6845c4ceafeb0d7cc9e7b6818ceda14e8fa7a3be6fe0fd60426cf191,20cf63db4d383ac96706a365aa9514b560bc47558cbe4da2aa6f8a6d96478d23,2fb94d26924d3c6fa1345c155520cc4954e56c861e7953a462edc934ee4564c9,NO,,,,,,
15G,2026-01-01,2026-01,2026-01-01 00:00:00,H:\Manifest\My_Device\15G\00008101-000524EC3A30001E\2026-01-01\2026-01-01-211642  00_ff,Manifest.db,H:\Manifest\My_Device\15G\00008101-000524EC3A30001E\2026-01-01\2026-01-01-211642  00_ff\Manifest.db,exact_manifest_db,143466512,2026-01-01 21:15:54,OPAQUE_HIGH_ENTROPY,7.99982,73bed4936a24419f60fb7143aec899ddb104256cc05842d8fbec77076fc60e5f,67228a86b0018b8f853225e2e0382d2ba614cd7f5e6324e796830f8c9c721470,b32c7353acf614490d87720ee11676dae31628864606217bee171750cd2e9b32,NO,,,,,,
15G,2026-01-01,2026-01,2026-01-01 00:00:00,H:\Manifest\My_Device\15G\00008101-000524EC3A30001E\2026-01-01\2026-01-01-224218  00_fe,Manifest.db,H:\Manifest\My_Device\15G\00008101-000524EC3A30001E\2026-01-01\2026-01-01-224218  00_fe\Manifest.db,exact_manifest_db,142069776,2026-01-01 22:41:46,OPAQUE_HIGH_ENTROPY,7.999841,7139165d3165a076e73fcd44fe7a5a3618209be1d3e24fe8f3a5992bc160fecc,cbe51aa94a1197207f9469420e75756d72f41e0c84e7c6ce9faa6c45fff6955a,7e946eeaaa76d50b92ed1bfa41c3fd7e5431cb5b60e0111dc25b6162703aa162,NO,,,,,,
15G,2026-01-02,2026-01,2026-01-02 00:00:00,H:\Manifest\My_Device\15G\00008101-000524EC3A30001E\2026-01-02\- 2025-01-02  (00_fe-00_ff) -,Manifest.db,H:\Manifest\My_Device\15G\00008101-000524EC3A30001E\2026-01-02\- 2025-01-02  (00_fe-00_ff) -\Manifest.db,exact_manifest_db,141881360,2026-01-02 02:30:20,OPAQUE_HIGH_ENTROPY,7.999818,64a8856a059711cd97efe101d7881ca9401689df025dc9606c2280f7d0b995a2,09b7b47eb704cda7fed085b7e3933f371efc82e56605e3e9726bd74e13a99cfb,30a17d55c4fac15b539b9b2e7dc2b72f99fe57eb1ccbde9632bea148d51b3fc5,NO,,,,,,
15G,2026-01-02,2026-01,2026-01-02 00:00:00,H:\Manifest\My_Device\15G\00008101-000524EC3A30001E\2026-01-02\- 2026-01-02-023052  00_fe -,Manifest.db,H:\Manifest\My_Device\15G\00008101-000524EC3A30001E\2026-01-02\- 2026-01-02-023052  00_fe -\Manifest.db,exact_manifest_db,141881360,2026-01-02 02:30:20,OPAQUE_HIGH_ENTROPY,7.999818,64a8856a059711cd97efe101d7881ca9401689df025dc9606c2280f7d0b995a2,09b7b47eb704cda7fed085b7e3933f371efc82e56605e3e9726bd74e13a99cfb,30a17d55c4fac15b539b9b2e7dc2b72f99fe57eb1ccbde9632bea148d51b3fc5,NO,,,,,,
15G,2026-01-09,2026-01,2026-01-09 00:00:00,H:\Manifest\My_Device\15G\00008101-000524EC3A30001E\2026-01-09\- 2026-01-09  (00_fd-00_ff) -,Manifest.db,H:\Manifest\My_Device\15G\00008101-000524EC3A30001E\2026-01-09\- 2026-01-09  (00_fd-00_ff) -\Manifest.db,exact_manifest_db,141254672,2026-04-19 17:26:04,OPAQUE_HIGH_ENTROPY,7.999841,7f76205fb81c6dd086eb8d894e793b52b875bd8e551fd50b466001bfa9a7b79c,d9126c68bd5e0991114f650842ae74b9303c267eb988e62173cc6931a5bcf7b6,f34bd0b217cf86540cf420d573255e3c9006b362f899bec7228e54a139483b67,NO,,,,,,
15G,2026-01-09,2026-01,2026-01-09 00:00:00,H:\Manifest\My_Device\15G\00008101-000524EC3A30001E\2026-01-09\- 2026-01-09-194624  00_fd -,Manifest.db,H:\Manifest\My_Device\15G\00008101-000524EC3A30001E\2026-01-09\- 2026-01-09-194624  00_fd -\Manifest.db,exact_manifest_db,141254672,2026-04-19 17:22:34,OPAQUE_HIGH_ENTROPY,7.999841,7f76205fb81c6dd086eb8d894e793b52b875bd8e551fd50b466001bfa9a7b79c,d9126c68bd5e0991114f650842ae74b9303c267eb988e62173cc6931a5bcf7b6,f34bd0b217cf86540cf420d573255e3c9006b362f899bec7228e54a139483b67,NO,,,,,,
15G,2026-01-09,2026-01,2026-01-09 00:00:00,H:\Manifest\My_Device\15G\00008101-000524EC3A30001E\2026-01-09\2026-01-09-113729  00_ff,Manifest.db,H:\Manifest\My_Device\15G\00008101-000524EC3A30001E\2026-01-09\2026-01-09-113729  00_ff\Manifest.db,exact_manifest_db,142528528,2026-04-19 16:59:46,OPAQUE_HIGH_ENTROPY,7.99984,5cbdd375ec9d09854668a6e20fe0722ff3029eed61e4ff4395890259685e776a,764ad2ecab3a28f43ee080e837bf66a9cdfa6778dcc42f20fb10d8043de039b7,bd0a776c4dbd7180cc75810bebb7facfdcdaaf5931398f1066b14a073e5dd941,NO,,,,,,
15G,2026-01-09,2026-01,2026-01-09 00:00:00,H:\Manifest\My_Device\15G\00008101-000524EC3A30001E\2026-01-09\2026-01-09-192602  00_ff,Manifest.db,H:\Manifest\My_Device\15G\00008101-000524EC3A30001E\2026-01-09\2026-01-09-192602  00_ff\Manifest.db,exact_manifest_db,141561872,2026-04-19 17:20:02,OPAQUE_HIGH_ENTROPY,7.99984,434479ade178936eccdce5e793e12d749b12e8a4e8ea9ce511ed10678b796b49,a5df9f8d495a11019a378061985039633c112930fabc1596bf4a48fa69563fe0,bc3ffea7be68134c2a2535e81db460bbec17effbce44878ecfcc38126df55924,NO,,,,,,
iPad,2025-12-19,2025-12,2025-12-19 00:00:00,H:\Manifest\My_Device\iPad\00008101-001E21CC3A9BA01E\2025-12-19\- 2025-12-14  (1f_fa-00_ff) -,Manifest.db,H:\Manifest\My_Device\iPad\00008101-001E21CC3A9BA01E\2025-12-19\- 2025-12-14  (1f_fa-00_ff) -\Manifest.db,exact_manifest_db,218931216,2025-12-19 16:13:40,OPAQUE_HIGH_ENTROPY,7.999816,0cd3c63e1409292f5299106ede58ec16229509889114ed443f552c2bc2b0560c,0d790f5436b3621775b5b381f4d6dd5851af4ea20cd5678e02fafb23acc3630f,257cab4f8f7f1a1b8ac996e6cf89333a0ba2be3b1e6ca79d64878cd39f146563,NO,,,,,,
iPad,2025-12-19,2025-12,2025-12-19 00:00:00,H:\Manifest\My_Device\iPad\00008101-001E21CC3A9BA01E\2025-12-19\- 2025-12-19-161445  1f_fa -,Manifest.db,H:\Manifest\My_Device\iPad\00008101-001E21CC3A9BA01E\2025-12-19\- 2025-12-19-161445  1f_fa -\Manifest.db,exact_manifest_db,218931216,2025-12-19 16:13:40,OPAQUE_HIGH_ENTROPY,7.999816,0cd3c63e1409292f5299106ede58ec16229509889114ed443f552c2bc2b0560c,0d790f5436b3621775b5b381f4d6dd5851af4ea20cd5678e02fafb23acc3630f,257cab4f8f7f1a1b8ac996e6cf89333a0ba2be3b1e6ca79d64878cd39f146563,NO,,,,,,
iPad,2025-12-19,2025-12,2025-12-19 00:00:00,H:\Manifest\My_Device\iPad\00008101-001E21CC3A9BA01E\2025-12-19\2025-12-19-123916  00_ff,Manifest.db,H:\Manifest\My_Device\iPad\00008101-001E21CC3A9BA01E\2025-12-19\2025-12-19-123916  00_ff\Manifest.db,exact_manifest_db,219181072,2025-12-19 12:37:48,OPAQUE_HIGH_ENTROPY,7.999851,46e33f3b8ae078b283c7e3c9e5b7d5f08239c4b23c36727193cbcee235a50ca1,e05d3877517e8ede8ccf460c067b895b92b6fbb8425b68550d34a54c165bdbea,90bb32f02fdf93de8703c89f0c2cc89d019fe7ba9e0b97af807b7373874a1cd1,NO,,,,,,
iPad,2025-12-28,2025-12,2025-12-28 00:00:00,H:\Manifest\My_Device\iPad\00008101-001E21CC3A9BA01E\2025-12-28\- 2025-12-28  (1f_fa-00_ff) -,Manifest.db,H:\Manifest\My_Device\iPad\00008101-001E21CC3A9BA01E\2025-12-28\- 2025-12-28  (1f_fa-00_ff) -\Manifest.db,exact_manifest_db,218996752,2025-12-28 09:30:32,OPAQUE_HIGH_ENTROPY,7.999845,b0bfcdd2c8f96f02cb0ca9b24a3789672cd36eda1de30b4b91bccc4f6e4f7b5e,cbb3c60364d5ee541a35614b3eba29a3734c0343ee9b30518e0420146ef93b50,764a0ef96b4789532219c809d1a0eb42928fca2a4df61ba78923e314511dccab,NO,,,,,,
iPad,2025-12-28,2025-12,2025-12-28 00:00:00,H:\Manifest\My_Device\iPad\00008101-001E21CC3A9BA01E\2025-12-28\- 2025-12-28-093130  1f_fa -,Manifest.db,H:\Manifest\My_Device\iPad\00008101-001E21CC3A9BA01E\2025-12-28\- 2025-12-28-093130  1f_fa -\Manifest.db,exact_manifest_db,219308048,2025-12-28 07:38:28,OPAQUE_HIGH_ENTROPY,7.99983,a7782a0b19ed49dd5314317f7d5906070a023fad92098b82accd069d06be4241,e9db4cad007b6962eff59fe6416b81cfa97690cf3fe1414734f482cbc719942b,8d325b9d32c82c09ce3fe0c97dca00cb3063245432d5a3410de86d1fcdea73d0,NO,,,,,,
iPad,2025-12-28,2025-12,2025-12-28 00:00:00,H:\Manifest\My_Device\iPad\00008101-001E21CC3A9BA01E\2025-12-28\2025-12-28-073948  00_ff,Manifest.db,H:\Manifest\My_Device\iPad\00008101-001E21CC3A9BA01E\2025-12-28\2025-12-28-073948  00_ff\Manifest.db,exact_manifest_db,218996752,2025-12-28 09:30:32,OPAQUE_HIGH_ENTROPY,7.999845,b0bfcdd2c8f96f02cb0ca9b24a3789672cd36eda1de30b4b91bccc4f6e4f7b5e,cbb3c60364d5ee541a35614b3eba29a3734c0343ee9b30518e0420146ef93b50,764a0ef96b4789532219c809d1a0eb42928fca2a4df61ba78923e314511dccab,NO,,,,,,
iPad,2026-01-05,2026-01,2026-01-05 00:00:00,H:\Manifest\My_Device\iPad\00008101-001E21CC3A9BA01E\2026-01-05\- 2026-01-05  (1e_fd-00_ff) -,Manifest.db,H:\Manifest\My_Device\iPad\00008101-001E21CC3A9BA01E\2026-01-05\- 2026-01-05  (1e_fd-00_ff) -\Manifest.db,exact_manifest_db,219095056,2026-01-05 06:44:12,OPAQUE_HIGH_ENTROPY,7.999832,eb15d2040f5dca4269ae8ecfe8c0832255587af75be2326f437cb97c3cb142d2,25da20376683d6fa3721c056ecd44e78df122d9127b81fa77c0e5981c073763b,6ca2ae473f820500eb51e1a6a0af2fbcc2e4b65cbf6571f0daa43bb53548a354,NO,,,,,,
iPad,2026-01-05,2026-01,2026-01-05 00:00:00,H:\Manifest\My_Device\iPad\00008101-001E21CC3A9BA01E\2026-01-05\- 2026-01-05-064502  1e_fd -,Manifest.db,H:\Manifest\My_Device\iPad\00008101-001E21CC3A9BA01E\2026-01-05\- 2026-01-05-064502  1e_fd -\Manifest.db,exact_manifest_db,219095056,2026-01-05 06:44:12,OPAQUE_HIGH_ENTROPY,7.999832,eb15d2040f5dca4269ae8ecfe8c0832255587af75be2326f437cb97c3cb142d2,25da20376683d6fa3721c056ecd44e78df122d9127b81fa77c0e5981c073763b,6ca2ae473f820500eb51e1a6a0af2fbcc2e4b65cbf6571f0daa43bb53548a354,NO,,,,,,
iPad,2026-01-05,2026-01,2026-01-05 00:00:00,H:\Manifest\My_Device\iPad\00008101-001E21CC3A9BA01E\2026-01-05\2026-01-05-043015  00_ff,Manifest.db,H:\Manifest\My_Device\iPad\00008101-001E21CC3A9BA01E\2026-01-05\2026-01-05-043015  00_ff\Manifest.db,exact_manifest_db,219566096,2026-01-05 04:29:02,OPAQUE_HIGH_ENTROPY,7.999822,e38f1e6072d9d4706afe4577ea8a49c1d63dbc81c56c349fa9046ada67d62798,4b6f177828ea00f02f4a40b2be27c9ea8671908a088c9c66e32f5bc421fb71d5,25bfed2d6cb95ff45ab8eadc96c3f1c1d8f2c77659bc708283d43da42fe8f9bd,NO,,,,,,
iPad,2026-01-05,2026-01,2026-01-05 00:00:00,H:\Manifest\My_Device\iPad\00008101-001E21CC3A9BA01E\2026-01-05\2026-01-05-045412  2f_fa,Manifest.db,H:\Manifest\My_Device\iPad\00008101-001E21CC3A9BA01E\2026-01-05\2026-01-05-045412  2f_fa\Manifest.db,exact_manifest_db,219205648,2026-01-05 04:53:24,OPAQUE_HIGH_ENTROPY,7.999811,313d035e67fcd515a8760ed82d7442b504ead6743c7c695f430b5a36dc4be45c,a70ad77b43ee7f6686f24056a9ae5e4a2520a1c361667b25b7f9b7e1e7357e94,a30f8d2e6de42e2e30a1231eac0a5fe5f097ce9daa227b7e7cee6b45468bf9e7,NO,,,,,,
iPad,2026-01-17,2026-01,2026-01-17 00:00:00,H:\Manifest\My_Device\iPad\00008101-001E21CC3A9BA01E\2026-01-17\- 2026-01-17  (2b_fa-00_ff) -,Manifest.db,H:\Manifest\My_Device\iPad\00008101-001E21CC3A9BA01E\2026-01-17\- 2026-01-17  (2b_fa-00_ff) -\Manifest.db,exact_manifest_db,219422736,2026-04-19 16:28:46,OPAQUE_HIGH_ENTROPY,7.999818,e4269c217ea763e69d95685bc94149c8e68da1295b21b67b86e7ea7f465bc7ee,c928556141bd95db0e379cae6219cd845befd873907fdc36efd5b6b81f04e357,4da121fc15eda1963a33facac8104e6fcb8b37c52025277f1df984cd83e55f7c,NO,,,,,,
iPad,2026-01-17,2026-01,2026-01-17 00:00:00,H:\Manifest\My_Device\iPad\00008101-001E21CC3A9BA01E\2026-01-17\- 2026-01-17-201029  2b_fa -,Manifest.db,H:\Manifest\My_Device\iPad\00008101-001E21CC3A9BA01E\2026-01-17\- 2026-01-17-201029  2b_fa -\Manifest.db,exact_manifest_db,219422736,2026-04-19 16:43:24,OPAQUE_HIGH_ENTROPY,7.999818,e4269c217ea763e69d95685bc94149c8e68da1295b21b67b86e7ea7f465bc7ee,c928556141bd95db0e379cae6219cd845befd873907fdc36efd5b6b81f04e357,4da121fc15eda1963a33facac8104e6fcb8b37c52025277f1df984cd83e55f7c,NO,,,,,,
iPad,2026-01-17,2026-01,2026-01-17 00:00:00,H:\Manifest\My_Device\iPad\00008101-001E21CC3A9BA01E\2026-01-17\2026-01-17-101244  00_ff,Manifest.db,H:\Manifest\My_Device\iPad\00008101-001E21CC3A9BA01E\2026-01-17\2026-01-17-101244  00_ff\Manifest.db,exact_manifest_db,219713552,2026-04-19 16:32:46,OPAQUE_HIGH_ENTROPY,7.999806,4030b79284dcfbbba67ba0fcb143c6b5c1a84410724bf96abe457c7dd032b962,0ad8af66ff7994febe6ea364f5260c808344222d27a0d476f2393a87b534cda0,0272b4a6647fe557ac1b054a13d3887d80d6c334bebf942b3084f5c5177531c8,NO,,,,,,
iPad,2026-01-17,2026-01,2026-01-17 00:00:00,H:\Manifest\My_Device\iPad\00008101-001E21CC3A9BA01E\2026-01-17\2026-01-17-193516  0e_fe,Manifest.db,H:\Manifest\My_Device\iPad\00008101-001E21CC3A9BA01E\2026-01-17\2026-01-17-193516  0e_fe\Manifest.db,exact_manifest_db,219496464,2026-04-19 16:36:26,OPAQUE_HIGH_ENTROPY,7.999833,eabdbdc398c34b20c1142bcc4f724da14a2b2688f108fd9a780fee9341065a17,40ad97155fd3dc0e531e471de2d17f455ed4ff2259aad3ca4e42ea495d8bee72,fee2a97d517902d463c43f742f5ad999d447061182b2395ae2147da0a96bb668,NO,,,,,,
iPad,2026-01-18,2026-01,2026-01-18 00:00:00,H:\Manifest\My_Device\iPad\00008101-001E21CC3A9BA01E\2026-01-18\- 2026-01-18  (1d_fd-00_ff) -,Manifest.db,H:\Manifest\My_Device\iPad\00008101-001E21CC3A9BA01E\2026-01-18\- 2026-01-18  (1d_fd-00_ff) -\Manifest.db,exact_manifest_db,219365392,2026-04-19 19:08:00,OPAQUE_HIGH_ENTROPY,7.999834,a7fb9555cb9c5a2286449ae64b4e617de7c63d3b0932b2c6cd5e1160b065ec72,172b32cdc47bcd3ce0b8958e4e36270d2f8965797c55567c46984e10c491c629,61850a31d9bbc11ec85e5ace13b6cbfc5c7312774f43bfec325ddd4a655631bd,NO,,,,,,
iPad,2026-01-18,2026-01,2026-01-18 00:00:00,H:\Manifest\My_Device\iPad\00008101-001E21CC3A9BA01E\2026-01-18\- 2026-01-18-130926  1d_fd -,Manifest.db,H:\Manifest\My_Device\iPad\00008101-001E21CC3A9BA01E\2026-01-18\- 2026-01-18-130926  1d_fd -\Manifest.db,exact_manifest_db,219365392,2026-04-19 19:01:32,OPAQUE_HIGH_ENTROPY,7.999834,a7fb9555cb9c5a2286449ae64b4e617de7c63d3b0932b2c6cd5e1160b065ec72,172b32cdc47bcd3ce0b8958e4e36270d2f8965797c55567c46984e10c491c629,61850a31d9bbc11ec85e5ace13b6cbfc5c7312774f43bfec325ddd4a655631bd,NO,,,,,,
iPad,2026-01-18,2026-01,2026-01-18 00:00:00,H:\Manifest\My_Device\iPad\00008101-001E21CC3A9BA01E\2026-01-18\2026-01-18-123056  00_ff,Manifest.db,H:\Manifest\My_Device\iPad\00008101-001E21CC3A9BA01E\2026-01-18\2026-01-18-123056  00_ff\Manifest.db,exact_manifest_db,219680784,2026-04-19 18:52:26,OPAQUE_HIGH_ENTROPY,7.999821,302fb20c703a6482c4f9c058eb4a9eed64eeb669b1ca37f4d804a48a971bc560,1973ee5e12778e9df7f8ac154efb08fa2d1137465b24d4d996dc8ad19dd85e06,067b72d4ffc5cef4b8b88b3f1e2cbcca836151ab9ab94a208330c1fe35f97d1c,NO,,,,,,
iPad,2026-01-18,2026-01,2026-01-18 00:00:00,H:\Manifest\My_Device\iPad\00008101-001E21CC3A9BA01E\2026-01-18\2026-01-18-124048  2b_fd,Manifest.db,H:\Manifest\My_Device\iPad\00008101-001E21CC3A9BA01E\2026-01-18\2026-01-18-124048  2b_fd\Manifest.db,exact_manifest_db,219455504,2026-04-19 18:57:40,OPAQUE_HIGH_ENTROPY,7.999824,6d3012b4581a28c00aa86e8199d062216233f12f1c7385071e1c3a5e6d878281,e853d1a7c3c03b91f9cc656dd3d02f72206bceeda6e912a84161e95de394aac1,ae9d90740d40a1ceff23fda2abdf014a1472e3637db2e0dd68cf8f515a3119c1,NO,,,,,,
iPad,2026-01-23,2026-01,2026-01-23 00:00:00,H:\Manifest\My_Device\iPad\00008101-001E21CC3A9BA01E\2026-01-23\- 2026-01-23-080754  1f_fa -,Manifest.db,H:\Manifest\My_Device\iPad\00008101-001E21CC3A9BA01E\2026-01-23\- 2026-01-23-080754  1f_fa -\Manifest.db,exact_manifest_db,219746320,2026-04-19 19:31:20,OPAQUE_HIGH_ENTROPY,7.999801,f379997cd3f758912ecc3f3feedbc2ddd9bffcab30f2b83bfefc3f583bb5700b,aae152bf977b9e17b29637bdc5bef2cf6ccf475bbc6b6e2376c3ae5a860fd5ad,e92e20a6577c88cd5c22ee1bf914d4c220035a2874d934524d9f6f33e67bda86,NO,,,,,,
iPad,2026-01-23,2026-01,2026-01-23 00:00:00,H:\Manifest\My_Device\iPad\00008101-001E21CC3A9BA01E\2026-01-23\- 2026-01-23-1_End  (1f_fa-00_ff) -,Manifest.db,H:\Manifest\My_Device\iPad\00008101-001E21CC3A9BA01E\2026-01-23\- 2026-01-23-1_End  (1f_fa-00_ff) -\Manifest.db,exact_manifest_db,219746320,2026-04-19 19:35:46,OPAQUE_HIGH_ENTROPY,7.999801,f379997cd3f758912ecc3f3feedbc2ddd9bffcab30f2b83bfefc3f583bb5700b,aae152bf977b9e17b29637bdc5bef2cf6ccf475bbc6b6e2376c3ae5a860fd5ad,e92e20a6577c88cd5c22ee1bf914d4c220035a2874d934524d9f6f33e67bda86,NO,,,,,,
iPad,2026-01-23,2026-01,2026-01-23 00:00:00,H:\Manifest\My_Device\iPad\00008101-001E21CC3A9BA01E\2026-01-23\2026-01-23-001918  00_ff,Manifest.db,H:\Manifest\My_Device\iPad\00008101-001E21CC3A9BA01E\2026-01-23\2026-01-23-001918  00_ff\Manifest.db,exact_manifest_db,220176400,2026-04-19 19:23:10,OPAQUE_HIGH_ENTROPY,7.999809,1c5b5d826db4f354dfe3b065b3be2f774d1d3950b6c9decadf26b078479702e4,e87aacedb27251d8dc5259354e245cacc3a771e1cba4631ad12192137b6dd6dd,0efdd4b2a7a2f295d6a80bcdc57d1a47569028e21b7f4c76615526010d2afde2,NO,,,,,,
iPad,2026-01-23,2026-01,2026-01-23 00:00:00,H:\Manifest\My_Device\iPad\00008101-001E21CC3A9BA01E\2026-01-23\2026-01-23-073922  00_ff,Manifest.db,H:\Manifest\My_Device\iPad\00008101-001E21CC3A9BA01E\2026-01-23\2026-01-23-073922  00_ff\Manifest.db,exact_manifest_db,219803664,2026-04-19 19:27:52,OPAQUE_HIGH_ENTROPY,7.999791,1a87107dc52339b90a11cae047af75f10d74111425eee94b45ff26746b324e37,82d35f9bb03f30a336daf11ffaece2882ddbe48e87286254cd849303cff67da8,4e70e69436459a2ebae14ea52fbd3fe7631a8e21700498713e8b770f89983545,NO,,,,,,
iPad,2025-12-14,2025-12,2025-12-14 00:00:00,H:\Manifest\My_Device\iPad\00008101-001E21CC3A9BA01E\Original\2025-12-14\00008101-001E21CC3A9BA01E,Manifest.db,H:\Manifest\My_Device\iPad\00008101-001E21CC3A9BA01E\Original\2025-12-14\00008101-001E21CC3A9BA01E\Manifest.db,exact_manifest_db,218931216,2026-01-11 02:28:00,OPAQUE_HIGH_ENTROPY,7.999816,0cd3c63e1409292f5299106ede58ec16229509889114ed443f552c2bc2b0560c,0d790f5436b3621775b5b381f4d6dd5851af4ea20cd5678e02fafb23acc3630f,257cab4f8f7f1a1b8ac996e6cf89333a0ba2be3b1e6ca79d64878cd39f146563,NO,,,,,,
iPad,2025-12-28,2025-12,2025-12-28 00:00:00,H:\Manifest\My_Device\iPad\00008101-001E21CC3A9BA01E\Original\2025-12-28\00008101-001E21CC3A9BA01E,Manifest.db,H:\Manifest\My_Device\iPad\00008101-001E21CC3A9BA01E\Original\2025-12-28\00008101-001E21CC3A9BA01E\Manifest.db,exact_manifest_db,218996752,2026-01-11 04:04:12,OPAQUE_HIGH_ENTROPY,7.999845,b0bfcdd2c8f96f02cb0ca9b24a3789672cd36eda1de30b4b91bccc4f6e4f7b5e,cbb3c60364d5ee541a35614b3eba29a3734c0343ee9b30518e0420146ef93b50,764a0ef96b4789532219c809d1a0eb42928fca2a4df61ba78923e314511dccab,NO,,,,,,
iPad,2026-01-05,2026-01,2026-01-05 00:00:00,H:\Manifest\My_Device\iPad\00008101-001E21CC3A9BA01E\Original\2026-01-05\00008101-001E21CC3A9BA01E,Manifest.db,H:\Manifest\My_Device\iPad\00008101-001E21CC3A9BA01E\Original\2026-01-05\00008101-001E21CC3A9BA01E\Manifest.db,exact_manifest_db,219095056,2026-01-11 04:42:08,OPAQUE_HIGH_ENTROPY,7.999832,eb15d2040f5dca4269ae8ecfe8c0832255587af75be2326f437cb97c3cb142d2,25da20376683d6fa3721c056ecd44e78df122d9127b81fa77c0e5981c073763b,6ca2ae473f820500eb51e1a6a0af2fbcc2e4b65cbf6571f0daa43bb53548a354,NO,,,,,,
iPad,2026-01-23,2026-01,2026-01-23 00:00:00,H:\Manifest\My_Device\iPad\00008101-001E21CC3A9BA01E\Original\2026-01-23\00008101-001E21CC3A9BA01E,Manifest.db,H:\Manifest\My_Device\iPad\00008101-001E21CC3A9BA01E\Original\2026-01-23\00008101-001E21CC3A9BA01E\Manifest.db,exact_manifest_db,220176400,2026-02-18 06:13:28,OPAQUE_HIGH_ENTROPY,7.999809,1c5b5d826db4f354dfe3b065b3be2f774d1d3950b6c9decadf26b078479702e4,e87aacedb27251d8dc5259354e245cacc3a771e1cba4631ad12192137b6dd6dd,0efdd4b2a7a2f295d6a80bcdc57d1a47569028e21b7f4c76615526010d2afde2,NO,,,,,,
iPhone11,2025-12-24,2025-12,2025-12-24 00:00:00,H:\Manifest\My_Device\iPhone11 Pro\00008030-001A0C420E40802E\2025-12-24\2025-12-24-172017  00_ff,Manifest.db,H:\Manifest\My_Device\iPhone11 Pro\00008030-001A0C420E40802E\2025-12-24\2025-12-24-172017  00_ff\Manifest.db,exact_manifest_db,205205520,2025-12-24 17:16:42,OPAQUE_HIGH_ENTROPY,7.999821,57b30c3e5944d974f7a47980f7ba52f3b061dcb6a7f5c31f60a0cb8b1e50493c,b6c340d63366dca8b32c3715f1a9f5f9d3c43fe336700716cbea6b1d53004535,0999ebe8fb705054d6f0c50c3151231178d5c8ba4d21716b9483ca9ebadb02de,NO,,,,,,
iPhone11,2025-12-24,2025-12,2025-12-24 00:00:00,H:\Manifest\My_Device\iPhone11 Pro\00008030-001A0C420E40802E\2025-12-24\2025-12-24-173727  0f_fd,Manifest.db,H:\Manifest\My_Device\iPhone11 Pro\00008030-001A0C420E40802E\2025-12-24\2025-12-24-173727  0f_fd\Manifest.db,exact_manifest_db,208592912,2025-12-24 17:34:16,OPAQUE_HIGH_ENTROPY,7.999817,038047385a369fa9d6a28e8712402b1444672ab5774487396596e118c1f61653,6f1b6d5114801ae30ad893206c76f4bf979a4a19471606f064bf9567a0c3195d,3aef48881ec5deb93797431a0381f8893100fb1f8fbc70a6ab82f6a9ce6de514,NO,,,,,,
iPhone11,2025-12-24,2025-12,2025-12-24 00:00:00,H:\Manifest\My_Device\iPhone11 Pro\00008030-001A0C420E40802E\2025-12-24\2025-12-24-213632  1f_fa,Manifest.db,H:\Manifest\My_Device\iPhone11 Pro\00008030-001A0C420E40802E\2025-12-24\2025-12-24-213632  1f_fa\Manifest.db,exact_manifest_db,208384016,2025-12-24 21:33:20,OPAQUE_HIGH_ENTROPY,7.999813,02b6e2fc0fd317a3258c5f2d52c23f0d7f67fa596ba9f6bc183de8b70f05f0f4,6f8c6f6721398a18e34c209e43593cc6bbac34c55008a264ce2b8f2c82375185,bf3cc052c95fa29fb6f589fb841b71600eb977a0f958e46102fba47894e761b4,NO,,,,,,
iPhone11,2025-12-24,2025-12,2025-12-24 00:00:00,H:\Manifest\My_Device\iPhone11 Pro\00008030-001A0C420E40802E\2025-12-24\2025-12-24-221306  1f_fd,Manifest.db,H:\Manifest\My_Device\iPhone11 Pro\00008030-001A0C420E40802E\2025-12-24\2025-12-24-221306  1f_fd\Manifest.db,exact_manifest_db,208965648,2025-12-24 22:09:26,OPAQUE_HIGH_ENTROPY,7.999826,9d08005c36b4e151d3b7213707e92cd5fab2b0497d370a48c98bcee89fdf3339,24c1bab49cd198ac7d2b532314533ea14ec00cc5936d3b88277d21e31b4dbc70,1e3b92cac512e62f1c240381a58bf5254b13a79ab993bc196a66582c3cb43d4a,NO,,,,,,
iPhone11,2025-12-24,2025-12,2025-12-24 00:00:00,H:\Manifest\My_Device\iPhone11 Pro\00008030-001A0C420E40802E\2025-12-24\2025-12-24-222810  2f_fa,Manifest.db,H:\Manifest\My_Device\iPhone11 Pro\00008030-001A0C420E40802E\2025-12-24\2025-12-24-222810  2f_fa\Manifest.db,exact_manifest_db,208396304,2025-12-24 22:25:00,OPAQUE_HIGH_ENTROPY,7.999839,bebc9c1ddc0449b993542ca9b5e3648d576325d8b51727d5c5ae08242d88484d,2e9fcea75d082a26447da5554a93694c8dc94231baa983c80eacfc0f4b4871a6,5766fc72afac05a65ccff0bf3c85786013dd46f487801e0d8edd145343495264,NO,,,,,,
iPhone11,2025-12-24,2025-12,2025-12-24 00:00:00,H:\Manifest\My_Device\iPhone11 Pro\00008030-001A0C420E40802E\2025-12-24\2025-12-24-224504  2f_fa,Manifest.db,H:\Manifest\My_Device\iPhone11 Pro\00008030-001A0C420E40802E\2025-12-24\2025-12-24-224504  2f_fa\Manifest.db,exact_manifest_db,208392208,2025-12-24 22:41:50,OPAQUE_HIGH_ENTROPY,7.999819,71e2ed55bd050d7f32d8f1b57b86f4b927ccc436b692694e3a1c55b8ff93c3b7,a8785beb6a7337d224f6c30f103cccbdc27f2b0829d7d6a4da8cd5597f3b34dc,cc33170e2ccc243ca039cde67bf6eddd0b8fef599a252137d7b270771785b03c,NO,,,,,,
iPhone11,2025-12-24,2025-12,2025-12-24 00:00:00,H:\Manifest\My_Device\iPhone11 Pro\00008030-001A0C420E40802E\2025-12-24\2025-12-24-230302  1f_fa,Manifest.db,H:\Manifest\My_Device\iPhone11 Pro\00008030-001A0C420E40802E\2025-12-24\2025-12-24-230302  1f_fa\Manifest.db,exact_manifest_db,208388112,2025-12-24 22:59:50,OPAQUE_HIGH_ENTROPY,7.999834,cf762d448302c2c7b9c0bf7bac2754a88e5c7b7c0ef47dae535a067e995f84e6,f6e6fad7e56031e71c44fb82494059ebd641730fd0c3211935fe5086bbfb8100,cc3057a1355ebe473c45b1a8922db22549ef4ac835a157c405d1dc88476ace29,NO,,,,,,
iPhone11,2025-12-24,2025-12,2025-12-24 00:00:00,H:\Manifest\My_Device\iPhone11 Pro\00008030-001A0C420E40802E\2025-12-24\2025-12-24-231953  2f_fa,Manifest.db,H:\Manifest\My_Device\iPhone11 Pro\00008030-001A0C420E40802E\2025-12-24\2025-12-24-231953  2f_fa\Manifest.db,exact_manifest_db,208400400,2025-12-24 23:16:34,OPAQUE_HIGH_ENTROPY,7.999779,0b9555c78bc1993153121561a98fee4352aa3f41b4079e05b7e7b9b584ac897c,f235a8460d028eec9080188b3be86e5ec53fb3453ece3606b36219b88f6ca842,f7182c16d03b5ec565cc0b882f916e8457fda2d75407fae310399548ee79fc2b,NO,,,,,,
iPhone11,2025-12-24,2025-12,2025-12-24 00:00:00,H:\Manifest\My_Device\iPhone11 Pro\00008030-001A0C420E40802E\2025-12-24\2025-12-24-235128  2f_fa,Manifest.db,H:\Manifest\My_Device\iPhone11 Pro\00008030-001A0C420E40802E\2025-12-24\2025-12-24-235128  2f_fa\Manifest.db,exact_manifest_db,208384016,2025-12-24 23:48:16,OPAQUE_HIGH_ENTROPY,7.999853,da05b45094d6a16964a7069b01a7dc0215af53f6b100a86612ee44e46afaf9bd,d5c87e2820a086d171b6bc9967bb82c7b3046c26bba211848b9b6e2523977775,86e1f0f48fad781b2c2b07e2a63a0df33e6a64e0b28d5239a1efeccc01e0733e,NO,,,,,,
iPhone11,2025-12-25,2025-12,2025-12-25 00:00:00,H:\Manifest\My_Device\iPhone11 Pro\00008030-001A0C420E40802E\2025-12-25\- 2025-12-24  (0b_fe-00_ff) -,Manifest.db,H:\Manifest\My_Device\iPhone11 Pro\00008030-001A0C420E40802E\2025-12-25\- 2025-12-24  (0b_fe-00_ff) -\Manifest.db,exact_manifest_db,208605200,2025-12-25 03:54:36,OPAQUE_HIGH_ENTROPY,7.99982,f501285b41cd38f1a14660f4d6f6172940477da629ce01f8e38b8a42e663efa3,5ab4b98dc6e7f3537eacec437f141e3c49b7c5476669373e9f64705869b01c7c,117967935b23119d6a1b70a4a488ea2877ebf2bcb902a8b7ef632378fd37b570,NO,,,,,,
iPhone11,2025-12-25,2025-12,2025-12-25 00:00:00,H:\Manifest\My_Device\iPhone11 Pro\00008030-001A0C420E40802E\2025-12-25\- 2025-12-25-035757  0b_fe -,Manifest.db,H:\Manifest\My_Device\iPhone11 Pro\00008030-001A0C420E40802E\2025-12-25\- 2025-12-25-035757  0b_fe -\Manifest.db,exact_manifest_db,208605200,2025-12-25 03:54:36,OPAQUE_HIGH_ENTROPY,7.99982,f501285b41cd38f1a14660f4d6f6172940477da629ce01f8e38b8a42e663efa3,5ab4b98dc6e7f3537eacec437f141e3c49b7c5476669373e9f64705869b01c7c,117967935b23119d6a1b70a4a488ea2877ebf2bcb902a8b7ef632378fd37b570,NO,,,,,,
iPhone11,2026-01-03,2026-01,2026-01-03 00:00:00,H:\Manifest\My_Device\iPhone11 Pro\00008030-001A0C420E40802E\2026-01-03\- 2026-01-03  (1f_fa-00_ff) -,Manifest.db,H:\Manifest\My_Device\iPhone11 Pro\00008030-001A0C420E40802E\2026-01-03\- 2026-01-03  (1f_fa-00_ff) -\Manifest.db,exact_manifest_db,208908304,2026-01-03 23:22:00,OPAQUE_HIGH_ENTROPY,7.99986,eb236a44c2d4630d0127a283d2a83e250f1457974bb616d2f7e884311724437d,61be33327699656156ad2fe7f08892102f6db847a8161400c84799ea7b7e46af,949a9b4db9f70361a6bbfa7e4e5a78458d168cf5febe23862cbfba7bcf8a73af,NO,,,,,,
iPhone11,2026-01-03,2026-01,2026-01-03 00:00:00,H:\Manifest\My_Device\iPhone11 Pro\00008030-001A0C420E40802E\2026-01-03\2026-01-03-173436  00_ff,Manifest.db,H:\Manifest\My_Device\iPhone11 Pro\00008030-001A0C420E40802E\2026-01-03\2026-01-03-173436  00_ff\Manifest.db,exact_manifest_db,205336592,2026-01-03 17:33:10,OPAQUE_HIGH_ENTROPY,7.999837,e0dd638d5fd78d3d18b37166168f9dbc2a3aec875834c7262c45d1dc50564b02,79dc145c2dd6fbeabc3f9ae15d5ffcb0c434765827bbd6076a70cb6cab23544f,b87d04be55335b25b57edfc98173347a711734299a94ef02069327a731250cd1,NO,,,,,,
iPhone11,2026-01-03,2026-01,2026-01-03 00:00:00,H:\Manifest\My_Device\iPhone11 Pro\00008030-001A0C420E40802E\2026-01-03\2026-01-03-203037  01_fa,Manifest.db,H:\Manifest\My_Device\iPhone11 Pro\00008030-001A0C420E40802E\2026-01-03\2026-01-03-203037  01_fa\Manifest.db,exact_manifest_db,208846864,2026-01-03 20:29:30,OPAQUE_HIGH_ENTROPY,7.999808,ef71fa1f3efdc4752dd00646e9ab1ab61c953f07cbb7709bde4d007a1a43475d,c9796523359ffda25a948fdb5bf5bb20afecefc8c140583d9e74c812e3987d3d,3460b2a5b6abc0613004b4b349f599fffe5e27dd72586d668047aa4ef0c538a3,NO,,,,,,
iPhone11,2026-01-03,2026-01,2026-01-03 00:00:00,H:\Manifest\My_Device\iPhone11 Pro\00008030-001A0C420E40802E\2026-01-03\2026-01-03-212645  1f_fa,Manifest.db,H:\Manifest\My_Device\iPhone11 Pro\00008030-001A0C420E40802E\2026-01-03\2026-01-03-212645  1f_fa\Manifest.db,exact_manifest_db,208093200,2026-01-03 21:25:40,OPAQUE_HIGH_ENTROPY,7.999802,4af1fb0af02eba091f3b0088853437677fc25c774575dd593270f6f18c9c3bb9,fb726fd80f2d3d12d91e82147d97e6df54f0a787c9aefcf555fb04a6ebb2db46,83b4322c681c2a5205f34916b2c0dd7848fb0b1c4a1b2c8c3304a0de8ccc5bc8,NO,,,,,,
iPhone11,2026-01-27,2026-01,2026-01-27 00:00:00,H:\Manifest\My_Device\iPhone11 Pro\00008030-001A0C420E40802E\2026-01-27\2026-01-27-234425  00_ff,Manifest.db,H:\Manifest\My_Device\iPhone11 Pro\00008030-001A0C420E40802E\2026-01-27\2026-01-27-234425  00_ff\Manifest.db,exact_manifest_db,203948048,2026-04-26 23:15:06,OPAQUE_HIGH_ENTROPY,7.999828,ba5c30393bc8abab33045adef2e1eac2d67044b565f5fd10d742bcb64a922c3a,b26116452048023a81fd54de2b3f417fa0cc2e36f37c7877ee498db990fa26da,2b957978cfd2af408689456d18c015727e3beeb56bdf02ba148bc635d30f599f,NO,,,,,,
iPhone11,2026-01-28,2026-01,2026-01-28 00:00:00,H:\Manifest\My_Device\iPhone11 Pro\00008030-001A0C420E40802E\2026-01-28\2026-01-28-084437  00_ff,Manifest.db,H:\Manifest\My_Device\iPhone11 Pro\00008030-001A0C420E40802E\2026-01-28\2026-01-28-084437  00_ff\Manifest.db,exact_manifest_db,207773712,2026-04-26 23:20:52,OPAQUE_HIGH_ENTROPY,7.999826,1e961a609526bbd3a3ddf4560ad28b79d7045fdced9cb76c4652381664cb322e,0839add469969c4c1d35a4485e3b0178570ef211a9465f724e641e282ec5f8f8,a72d0f39b6a3dd88b23725f2a7d6ed8386db1723b05f9a075a63c7fd01337f5d,NO,,,,,,
iPhone11,2026-01-28,2026-01,2026-01-28 00:00:00,H:\Manifest\My_Device\iPhone11 Pro\00008030-001A0C420E40802E\2026-01-28\2026-01-28-120331  00_ff,Manifest.db,H:\Manifest\My_Device\iPhone11 Pro\00008030-001A0C420E40802E\2026-01-28\2026-01-28-120331  00_ff\Manifest.db,exact_manifest_db,208003088,2026-04-26 23:28:54,OPAQUE_HIGH_ENTROPY,7.999833,c3e252a2224cb671afb54c4ab4a2c400a75ede99b3be2f33d029de603e5beb3f,b68c900cbc4bd3c0fd20d667f3d3d4c24c6698164d5af55cbe9a82c4e7482663,7afe0bf7c2503e85f455cf9d7fd89bd5036bb76fcf6c903a49628e937e7d9c6c,NO,,,,,,
mini1,2026-01-01,2026-01,2026-01-01 00:00:00,H:\Manifest\My_Device\mini1\00008101-000C74642182001E\2026-01-01\- 2026-01-01  (1f_fa-00_ff) -,Manifest.db,H:\Manifest\My_Device\mini1\00008101-000C74642182001E\2026-01-01\- 2026-01-01  (1f_fa-00_ff) -\Manifest.db,exact_manifest_db,62382096,2026-01-01 08:12:08,OPAQUE_HIGH_ENTROPY,7.999825,143889e52af2db7d5d4ebd476f24f4b013fa3084a57c842a130778cb1551000c,33ab4a4c02ca90a536ba86b479c9460150f2f1338261e22f9c2e58eea2d85eb6,fcd10683c2c4e5265463a2d400be75c51851aba33ac534e4ceae1afdb729ea71,NO,,,,,,
mini1,2026-01-01,2026-01,2026-01-01 00:00:00,H:\Manifest\My_Device\mini1\00008101-000C74642182001E\2026-01-01\- 2026-01-01-081231  1f_fa -,Manifest.db,H:\Manifest\My_Device\mini1\00008101-000C74642182001E\2026-01-01\- 2026-01-01-081231  1f_fa -\Manifest.db,exact_manifest_db,62382096,2026-01-01 08:12:08,OPAQUE_HIGH_ENTROPY,7.999825,143889e52af2db7d5d4ebd476f24f4b013fa3084a57c842a130778cb1551000c,33ab4a4c02ca90a536ba86b479c9460150f2f1338261e22f9c2e58eea2d85eb6,fcd10683c2c4e5265463a2d400be75c51851aba33ac534e4ceae1afdb729ea71,NO,,,,,,
mini1,2026-01-01,2026-01,2026-01-01 00:00:00,H:\Manifest\My_Device\mini1\00008101-000C74642182001E\2026-01-01\2026-01-01-065430  00_ff,Manifest.db,H:\Manifest\My_Device\mini1\00008101-000C74642182001E\2026-01-01\2026-01-01-065430  00_ff\Manifest.db,exact_manifest_db,62803984,2026-01-01 06:53:58,OPAQUE_HIGH_ENTROPY,7.999838,2e9c11c6df780d17190b36a669516f3b71f94602940a9ee4f38452f74744b449,1540db0d5a013e1e4c2b0f1f121b284891d9243f038db33859e3377c12fe6ef0,5ebc68f68a1b7bcbd474eeda3a54e6fd4d0350bb6d9e6da8661bb8bebf33bd72,NO,,,,,,
mini1,2026-01-01,2026-01,2026-01-01 00:00:00,H:\Manifest\My_Device\mini1\00008101-000C74642182001E\2026-01-01\2026-01-01-075916  0c_fa,Manifest.db,H:\Manifest\My_Device\mini1\00008101-000C74642182001E\2026-01-01\2026-01-01-075916  0c_fa\Manifest.db,exact_manifest_db,62373904,2026-01-01 07:58:52,OPAQUE_HIGH_ENTROPY,7.999848,44a64847e46e00ff19a38866f344e8f4de64b9a88aa751559c5036d2485e25aa,63f267481847eaf389be7616a965276d4756d5af01679c71f1133dc6b41c54a7,b866489617082219f3f56044ff76262579bae1aeb2e02e61afb867a1b0c144cf,NO,,,,,,
mini1,2026-01-11,2026-01,2026-01-11 00:00:00,H:\Manifest\My_Device\mini1\00008101-000C74642182001E\2026-01-11\- 2026-01-11-114100  (0a_fd-00_ff) -,Manifest.db,H:\Manifest\My_Device\mini1\00008101-000C74642182001E\2026-01-11\- 2026-01-11-114100  (0a_fd-00_ff) -\Manifest.db,exact_manifest_db,62459920,2026-04-19 18:16:56,OPAQUE_HIGH_ENTROPY,7.999823,46a4e15585122d6a6dd070de9975f989d9554d609f603355a5a504f8ff5ccf76,e9e8bbe1d16aed06c5ff2e264e3341aa521d2fd997bf476b28fb773da0fc7fa5,55a8b6670e4cc572a017db694a00682ab296f5a43ae15f5a404db08cb3400b1a,NO,,,,,,
mini1,2026-01-11,2026-01,2026-01-11 00:00:00,H:\Manifest\My_Device\mini1\00008101-000C74642182001E\2026-01-11\- 2026-01-11-114145  0a_fd -,Manifest.db,H:\Manifest\My_Device\mini1\00008101-000C74642182001E\2026-01-11\- 2026-01-11-114145  0a_fd -\Manifest.db,exact_manifest_db,62459920,2026-04-19 18:13:28,OPAQUE_HIGH_ENTROPY,7.999823,46a4e15585122d6a6dd070de9975f989d9554d609f603355a5a504f8ff5ccf76,e9e8bbe1d16aed06c5ff2e264e3341aa521d2fd997bf476b28fb773da0fc7fa5,55a8b6670e4cc572a017db694a00682ab296f5a43ae15f5a404db08cb3400b1a,NO,,,,,,
mini1,2026-01-11,2026-01,2026-01-11 00:00:00,H:\Manifest\My_Device\mini1\00008101-000C74642182001E\2026-01-11\2026-01-11-050832  00_ff,Manifest.db,H:\Manifest\My_Device\mini1\00008101-000C74642182001E\2026-01-11\2026-01-11-050832  00_ff\Manifest.db,exact_manifest_db,62803984,2026-04-19 17:40:56,OPAQUE_HIGH_ENTROPY,7.999828,86e3db5139e2c42ea831f7457c45cdf613ec965e4ef3a31166857fb476b9715a,9e1feb1327e0264c055d4c6150562573420883f2e839963d145c10e996859860,8bedf8bc8c6388757d8deefa653d0c280008c46c628f1121447831f9ad2ee036,NO,,,,,,
mini1,2026-01-11,2026-01,2026-01-11 00:00:00,H:\Manifest\My_Device\mini1\00008101-000C74642182001E\2026-01-11\2026-01-11-110631  00_ff,Manifest.db,H:\Manifest\My_Device\mini1\00008101-000C74642182001E\2026-01-11\2026-01-11-110631  00_ff\Manifest.db,exact_manifest_db,62418960,2026-04-19 18:11:26,OPAQUE_HIGH_ENTROPY,7.999798,108de81c287aa5d74d7bb7ba1681911b75598a7ad18410f1a7de8d1a571b31f1,d31275a6b716df642035d86a31f6f2f7efb78b5c90f9aa2b58459e66c4178169,dba75a239f37393b939f3d21191e4ca732d001761b41f1177cc85601f8d13fab,NO,,,,,,
mini1,2026-01-19,2026-01,2026-01-19 00:00:00,H:\Manifest\My_Device\mini1\00008101-000C74642182001E\2026-01-19\Internet_Cafe\2026-01-19-080119  00_ff,Manifest.db,H:\Manifest\My_Device\mini1\00008101-000C74642182001E\2026-01-19\Internet_Cafe\2026-01-19-080119  00_ff\Manifest.db,exact_manifest_db,62050320,2026-04-19 19:10:16,OPAQUE_HIGH_ENTROPY,7.99984,d1ce5bcea97c4cac8352768cab4669d88e31c5e286b863f524a06b4395a3d97c,4f7c4cf2de24e03dc6d6fa589421f8b6b2695e2f49d976c1b4723fb41034c845,b3c42e3af055aa33957378bc2f23b0b4f506312b29d9d4b9dda68544f73f225a,NO,,,,,,
mini1,2026-02-12,2026-02,2026-02-12 00:00:00,H:\Manifest\My_Device\mini1\00008101-000C74642182001E\2026-02-12\2026-02-12-001128  00_ff,Manifest.db,H:\Manifest\My_Device\mini1\00008101-000C74642182001E\2026-02-12\2026-02-12-001128  00_ff\Manifest.db,exact_manifest_db,57167872,2026-04-20 18:15:54,SQLITE_HEADER,5.691869,53514c69746520666f726d617420330010000202004020200000000300003685,f441c30613991fd96e67f8b3ba9be7fa38e4ddef4d350037407bcdf30d7dfefb,74922bdaddf08f9f6a8f8bf7f7054e38ce02a2a7a924d3d3907bc39acf20c40d,YES,,2,Files;Properties,49668,0,ok
mini1,2026-02-12,2026-02,2026-02-12 00:00:00,H:\Manifest\My_Device\mini1\00008101-000C74642182001E\2026-02-12\2026-02-12-113949  00_ff,Manifest.db,H:\Manifest\My_Device\mini1\00008101-000C74642182001E\2026-02-12\2026-02-12-113949  00_ff\Manifest.db,exact_manifest_db,63049744,2026-04-20 18:19:46,OPAQUE_HIGH_ENTROPY,7.999822,72a3e69ed5640d958e0140fc6519d2602eb2d3e48d6709eee44fc8ec0b441ec0,b43b118c29763459c944310a21415c0475d2d0a70a87d366d628f22e81c47093,60cc8ea403c9e2a4fda391bc89079ee1e24aa7065d2328b9c9cef9adeea56978,NO,,,,,,
mini1,2026-02-13,2026-02,2026-02-13 00:00:00,H:\Manifest\My_Device\mini1\00008101-000C74642182001E\2026-02-13\My_PC\2026-02-13-040555  00_ff,Manifest.db,H:\Manifest\My_Device\mini1\00008101-000C74642182001E\2026-02-13\My_PC\2026-02-13-040555  00_ff\Manifest.db,exact_manifest_db,57282560,2026-04-20 18:29:28,SQLITE_HEADER,5.729549,53514c69746520666f726d6174203300100002020040202000000003000036a1,2a01236d7d88bec8c35d7356968ad6b3e6ec80086f34032fc630142066c72dbb,d87822dacf30ed5bc5221d2f5a20c7f6ea43d0ddd6ec8d5cb4f1f5d058d452ac,YES,,2,Files;Properties,49935,0,ok
mini1,2026-02-13,2026-02,2026-02-13 00:00:00,H:\Manifest\My_Device\mini1\00008101-000C74642182001E\2026-02-13\My_PC\2026-02-13-035117  00_ff,Manifest.db,H:\Manifest\My_Device\mini1\00008101-000C74642182001E\2026-02-13\My_PC\2026-02-13-035117  00_ff\Manifest.db,exact_manifest_db,57434112,2026-04-20 18:33:52,SQLITE_HEADER,5.764617,53514c69746520666f726d6174203300100002020040202000000003000036c6,8253c973cf620a1dbb0e7f5a4be4b214531fd88b3bd9d2905d8659685ab63eab,9f2571f2791f71b96a14a58f297eff48dc38f7c5852150118a05276a802a36cc,YES,,2,Files;Properties,49944,0,ok
mini1,2026-02-14,2026-02,2026-02-14 00:00:00,H:\Manifest\My_Device\mini1\00008101-000C74642182001E\2026-02-14\2026-02-14-091409  00_ff,Manifest.db,H:\Manifest\My_Device\mini1\00008101-000C74642182001E\2026-02-14\2026-02-14-091409  00_ff\Manifest.db,exact_manifest_db,56598528,2026-04-20 18:53:22,SQLITE_HEADER,5.756927,53514c69746520666f726d6174203300100002020040202000000003000035fa,5b919f975526391cca83f565f71be139779328cbb455d55a69131d92c46e2967,915982192493105bcbf4b83d4f17814c7c5e3ea40f63e93824a380303cb65361,YES,,2,Files;Properties,49183,0,ok
mini1,2026-02-14,2026-02,2026-02-14 00:00:00,H:\Manifest\My_Device\mini1\00008101-000C74642182001E\2026-02-14\2026-02-14-142935  00_ff,Manifest.db,H:\Manifest\My_Device\mini1\00008101-000C74642182001E\2026-02-14\2026-02-14-142935  00_ff\Manifest.db,exact_manifest_db,62402576,2026-04-20 18:57:58,OPAQUE_HIGH_ENTROPY,7.999825,5b67f04a1f5a436e6e368f27888961a3eec30659bc117b69d2e386942b09a54d,a3a292b3bf5b8f0a79fb88efc869a2943a6462d48b38a0ade90ba9e4f2887f7c,0192b2ab03a3d026e14419ec8a762dc7327523b70a58ad1caa9f8da1d414f474,NO,,,,,,
mini1,2026-02-14,2026-02,2026-02-14 00:00:00,H:\Manifest\My_Device\mini1\00008101-000C74642182001E\2026-02-14\2026-02-14-160321  00_ff,Manifest.db,H:\Manifest\My_Device\mini1\00008101-000C74642182001E\2026-02-14\2026-02-14-160321  00_ff\Manifest.db,exact_manifest_db,62361616,2026-04-20 19:00:38,OPAQUE_HIGH_ENTROPY,7.999831,0d0518e6fe8ebcb8f47e5650bb16822f493f394f52390b1e019318c5fe4a658b,990d48cc34808306be2fc2359ff07a3a270155e817f64c00b5b34be8f9ed7eec,184cfeae2b6286b07948d123c4b4aeaa66582032d0b660d36cb709d5decf5504,NO,,,,,,
mini1,2026-02-15,2026-02,2026-02-15 00:00:00,H:\Manifest\My_Device\mini1\00008101-000C74642182001E\2026-02-15\My_PC\2026-02-15-005034  00_ff,Manifest.db,H:\Manifest\My_Device\mini1\00008101-000C74642182001E\2026-02-15\My_PC\2026-02-15-005034  00_ff\Manifest.db,exact_manifest_db,62664720,2026-04-20 19:06:30,OPAQUE_HIGH_ENTROPY,7.999818,26980a03eff76dee2ac5264f9b1790c73705584c4c1a1e134e0029aae5c8934f,4c3cdbf3d34166c0101e53e9b96dde388f550097814bb6c87ed46cf2fee5427e,939475f0c5d779dadeeac1bf43e7dbb8dabc5d4e38aa877473fe7a6a6525b868,NO,,,,,,
mini1,2026-02-16,2026-02,2026-02-16 00:00:00,H:\Manifest\My_Device\mini1\00008101-000C74642182001E\2026-02-16\2026-02-16-002509  00_ff,Manifest.db,H:\Manifest\My_Device\mini1\00008101-000C74642182001E\2026-02-16\2026-02-16-002509  00_ff\Manifest.db,exact_manifest_db,62267408,2026-02-16 07:24:02,OPAQUE_HIGH_ENTROPY,7.999844,5ec8841ebcce2488f5195d1a0596f772fe77076980b72f0ca58d99acec0754b2,2a69e077f4b55dc89d283472d6ea47159444fcc07beaba210cf3c3953ca127fa,9d0abbadb8b30b1f966cae322fc887e63de836eacde7c16d7b267579e5485c56,NO,,,,,,
mini1,2026-02-16,2026-02,2026-02-16 00:00:00,H:\Manifest\My_Device\mini1\00008101-000C74642182001E\2026-02-16\2026-02-16-005933  00_ff,Manifest.db,H:\Manifest\My_Device\mini1\00008101-000C74642182001E\2026-02-16\2026-02-16-005933  00_ff\Manifest.db,exact_manifest_db,62300176,2026-04-20 19:30:20,OPAQUE_HIGH_ENTROPY,7.999832,746dc927a91f59f63345478882c1776a48d282ca4cfd3897e2e8cb1e73985c72,ec6dbd2962051ab74cbd3a6065080aee955587afbd94902d99001a3940c5362d,4244b679cdb5de6e2ae61a4d65d65482a8803d99af1ad3e3a326554261a1e9cd,NO,,,,,,
mini1,2026-02-17,2026-02,2026-02-17 00:00:00,H:\Manifest\My_Device\mini1\00008101-000C74642182001E\2026-02-17\2026-02-17-055505  00_ff,Manifest.db,H:\Manifest\My_Device\mini1\00008101-000C74642182001E\2026-02-17\2026-02-17-055505  00_ff\Manifest.db,exact_manifest_db,61706256,2026-04-20 19:37:04,OPAQUE_HIGH_ENTROPY,7.999821,fa3991526ecaf2956465b6b397b24370f7827b10c28b784a5a2ae46af999b82c,b9fa133130424f1ba4ce6d6a1fb9d59d830351261a4d2d083b3181f5ac8f3a01,3d1101f0f4e3ae958e9c9064a7cfb75c078bdae378dc191eceb960854fbce3b6,NO,,,,,,
mini1,2026-02-18,2026-02,2026-02-18 00:00:00,H:\Manifest\My_Device\mini1\00008101-000C74642182001E\2026-02-18\- 2026-02-18-182906  00_ff -,Manifest.db,H:\Manifest\My_Device\mini1\00008101-000C74642182001E\2026-02-18\- 2026-02-18-182906  00_ff -\Manifest.db,exact_manifest_db,61747216,2026-04-20 19:43:46,OPAQUE_HIGH_ENTROPY,7.999817,e249d8240aabf00ae7b9edf436dfed8ecff996de1f6cc460764fd5855a3eb0ed,735fd192e31ae9ede42455c52437b9d5182886777b85f460831e4bb5c6bdea38,ec8006eb5069112b75c601c90f3f11d40870e339554bb7f8be3e3f507e11b2ed,NO,,,,,,
mini1,2026-02-18,2026-02,2026-02-18 00:00:00,H:\Manifest\My_Device\mini1\00008101-000C74642182001E\2026-02-18\- 2026-02-18-182906  解析済み -\2026-02-18-182906,Manifest.db,H:\Manifest\My_Device\mini1\00008101-000C74642182001E\2026-02-18\- 2026-02-18-182906  解析済み -\2026-02-18-182906\Manifest.db,exact_manifest_db,61747216,2026-02-18 18:28:38,OPAQUE_HIGH_ENTROPY,7.999817,e249d8240aabf00ae7b9edf436dfed8ecff996de1f6cc460764fd5855a3eb0ed,735fd192e31ae9ede42455c52437b9d5182886777b85f460831e4bb5c6bdea38,ec8006eb5069112b75c601c90f3f11d40870e339554bb7f8be3e3f507e11b2ed,NO,,,,,,
mini1,2026-02-18,2026-02,2026-02-18 00:00:00,H:\Manifest\My_Device\mini1\00008101-000C74642182001E\2026-02-18\2026-02-18-200323  00_ff,Manifest.db,H:\Manifest\My_Device\mini1\00008101-000C74642182001E\2026-02-18\2026-02-18-200323  00_ff\Manifest.db,exact_manifest_db,61419536,2026-04-20 19:41:52,OPAQUE_HIGH_ENTROPY,7.999821,10cb04b96b7f224be1b3609bebdf080b40de2d99dea9d04fb2642d9b2d46b6a7,bf977aba1b9ba7043442be7cd3057d41677a07259449e161afd1f723048b1053,dd3b117503ac0dc973efb978b71efb374143f7a7c5a44e193dae2fba761ac33f,NO,,,,,,
mini1,2026-02-22,2026-02,2026-02-22 00:00:00,H:\Manifest\My_Device\mini1\00008101-000C74642182001E\2026-02-22\2026-02-22-002731  00_ff,Manifest.db,H:\Manifest\My_Device\mini1\00008101-000C74642182001E\2026-02-22\2026-02-22-002731  00_ff\Manifest.db,exact_manifest_db,56229888,2026-02-22 07:26:32,SQLITE_HEADER,5.624058,53514c69746520666f726d6174203300100002020040202000000003000035a0,dd521a3e35ed176cb13c39201b8542f5fc832e3669b8234b6729741902f39260,6fbbfcb9aa6dfa03b7f6fd03629cf3b8580c4b3ee33134a18957f087dca2968a,YES,,2,Files;Properties,48890,0,ok
mini1,2026-02-22,2026-02,2026-02-22 00:00:00,H:\Manifest\My_Device\mini1\00008101-000C74642182001E\2026-02-22\2026-02-22-111437  00_ff,Manifest.db,H:\Manifest\My_Device\mini1\00008101-000C74642182001E\2026-02-22\2026-02-22-111437  00_ff\Manifest.db,exact_manifest_db,56225792,2026-02-22 18:13:36,SQLITE_HEADER,5.643931,53514c69746520666f726d61742033001000020200402020000000030000359f,db14e28e3a8712838222145172b4da84ade41f07571098cc26bfa5c0f549d72a,a806698611aa22c2a16255c94240bf888c98923b50eba6307f000c179d97b357,YES,,2,Files;Properties,48885,0,ok
mini1,2026-03-03,2026-03,2026-03-03 01:14:04,H:\Manifest\My_Device\mini1\00008101-000C74642182001E\2026-03-03-011404  no,Manifest.db,H:\Manifest\My_Device\mini1\00008101-000C74642182001E\2026-03-03-011404  no\Manifest.db,exact_manifest_db,57425920,2026-03-03 01:13:26,SQLITE_HEADER,5.563148,53514c69746520666f726d6174203300100002020040202000000003000036c4,cf6b0d4024d8637ee77f2f403f57ba6b7bc244feee7c650f0cd933e650222cce,df53275897c6f3ce185bf17363accff86cc70b94aeee934298a8e6afb24514c8,YES,,2,Files;Properties,49562,0,ok
mini2,2025-12-25,2025-12,2025-12-25 00:00:00,H:\Manifest\My_Device\mini2\00008101-001D0D192644001E\2025-12-25\2025-12-25-190914  00_ff,Manifest.db,H:\Manifest\My_Device\mini2\00008101-001D0D192644001E\2025-12-25\2025-12-25-190914  00_ff\Manifest.db,exact_manifest_db,107806736,2025-12-25 19:07:44,OPAQUE_HIGH_ENTROPY,7.999785,56b24bacf1d1bb9c592e498e9e1556cf3d28684b2d1d7297eeb5304aaf4c44b8,e6ba60e8f124b1db7ceccd3990026c7a9b5e71be50a500b18bacddb1fd4ac015,54242e22486d75a4b08cfa7b0c25f16a64778ad9fb1b4c154cebdf105260cdee,NO,,,,,,
mini2,2025-12-26,2025-12,2025-12-26 00:00:00,H:\Manifest\My_Device\mini2\00008101-001D0D192644001E\2025-12-26\- 2025-12-25  (0d_fd-00_ff) -,Manifest.db,H:\Manifest\My_Device\mini2\00008101-001D0D192644001E\2025-12-26\- 2025-12-25  (0d_fd-00_ff) -\Manifest.db,exact_manifest_db,108691472,2025-12-26 11:54:00,OPAQUE_HIGH_ENTROPY,7.999807,39afa7a3ea45b158a33ddd33d53d295c66c2a52277f89066c893b8fffc2191b7,1606a3436ad7bffc58f6ccae7668f987fd268a8fa57f744607f9730f87dbdc1b,be3ecd5e5c629f44f92878bfc17ac0ba6911bf6d32c2393dacfe2d997828d116,NO,,,,,,
mini2,2025-12-26,2025-12,2025-12-26 00:00:00,H:\Manifest\My_Device\mini2\00008101-001D0D192644001E\2025-12-26\- 2025-12-26-115517  0d_fd -,Manifest.db,H:\Manifest\My_Device\mini2\00008101-001D0D192644001E\2025-12-26\- 2025-12-26-115517  0d_fd -\Manifest.db,exact_manifest_db,108691472,2025-12-26 11:54:00,OPAQUE_HIGH_ENTROPY,7.999807,39afa7a3ea45b158a33ddd33d53d295c66c2a52277f89066c893b8fffc2191b7,1606a3436ad7bffc58f6ccae7668f987fd268a8fa57f744607f9730f87dbdc1b,be3ecd5e5c629f44f92878bfc17ac0ba6911bf6d32c2393dacfe2d997828d116,NO,,,,,,
mini2,2025-12-26,2025-12,2025-12-26 00:00:00,H:\Manifest\My_Device\mini2\00008101-001D0D192644001E\2025-12-26\2025-12-26-035746  2b_fa,Manifest.db,H:\Manifest\My_Device\mini2\00008101-001D0D192644001E\2025-12-26\2025-12-26-035746  2b_fa\Manifest.db,exact_manifest_db,108687376,2025-12-26 03:56:28,OPAQUE_HIGH_ENTROPY,7.999806,56d71bd011ca88a0e28aadaec3ae218e6d515740ead142e89fdf8a38e1e738d8,0730321eaa3d62bf5d5059993a042a718cb718432b2e7d58a12c010d4ae25a2e,4500cee2112684c72abb109f1b672264a6e61ea665c534f49f5e31d45525c5bb,NO,,,,,,
mini2,2026-01-02,2026-01,2026-01-02 00:00:00,H:\Manifest\My_Device\mini2\00008101-001D0D192644001E\2026-01-02\2026-01-02-165734  00_ff,Manifest.db,H:\Manifest\My_Device\mini2\00008101-001D0D192644001E\2026-01-02\2026-01-02-165734  00_ff\Manifest.db,exact_manifest_db,108306448,2026-01-02 16:56:56,OPAQUE_HIGH_ENTROPY,7.999841,5009be1e1c8d8ac78b70793fee5d3a788d9a666d487f4ce35a6e751d332ad365,495124e7b85bc87773588686afc99a245344112230ae92cdcd545d222ba8caa5,40e573a5bdcf6c649189c32822bf22c51a7cb1c34f0e6e5346d8fefcebf723e0,NO,,,,,,
mini2,2026-01-02,2026-01,2026-01-02 00:00:00,H:\Manifest\My_Device\mini2\00008101-001D0D192644001E\2026-01-02\2026-01-02-170556  01_fe,Manifest.db,H:\Manifest\My_Device\mini2\00008101-001D0D192644001E\2026-01-02\2026-01-02-170556  01_fe\Manifest.db,exact_manifest_db,109101072,2026-01-02 17:06:20,OPAQUE_HIGH_ENTROPY,7.999827,4942a61f629186d8a231e1994057bb1060f9d370450bfe86fbf3a133496291bd,8219a914dacd5acb8988d166c99c32bd670c3a6ac6c0412cf75d0b399eb340e6,2fe254dc2d0a9ab2d0449971d38d8afd7733ee5a62d8b018b173899ec6c742eb,NO,,,,,,
mini2,2026-01-02,2026-01,2026-01-02 00:00:00,H:\Manifest\My_Device\mini2\00008101-001D0D192644001E\2026-01-02\2026-01-02-175159  0f_fa,Manifest.db,H:\Manifest\My_Device\mini2\00008101-001D0D192644001E\2026-01-02\2026-01-02-175159  0f_fa\Manifest.db,exact_manifest_db,109072400,2026-01-02 17:51:36,OPAQUE_HIGH_ENTROPY,7.999796,3f85da6dbcc597bd987a8661e963242b7e4a325685cf5200b983e64c0f2a0b5e,32f41e6aaff60a05b602fd7e5209f80364dfe23741db2c64aacf054c9de1307d,b8e425550a97e796acdcc78dff813e051c8dc9aade538f9b946814aab81c8f8d,NO,,,,,,
mini2,2026-01-02,2026-01,2026-01-02 00:00:00,H:\Manifest\My_Device\mini2\00008101-001D0D192644001E\2026-01-02\2026-01-02-180439  02_fa,Manifest.db,H:\Manifest\My_Device\mini2\00008101-001D0D192644001E\2026-01-02\2026-01-02-180439  02_fa\Manifest.db,exact_manifest_db,109113360,2026-01-02 18:04:16,OPAQUE_HIGH_ENTROPY,7.999825,5927d26ee090cdeeb702134c9a7f9258323368eed3ce97b442a8a1d9ff7ebacc,bbc177fc1d37746a129f50f812bcfd13fff98c6d11ab9d6980309f3b20e95b7b,bba7c32f03ea739eb67c1442dd79e86863916c05b8691ef5a8d38186722f73bd,NO,,,,,,
mini2,2026-01-03,2026-01,2026-01-03 00:00:00,H:\Manifest\My_Device\mini2\00008101-001D0D192644001E\2026-01-03\2026-01-03  (0e_fd-00_ff),Manifest.db,H:\Manifest\My_Device\mini2\00008101-001D0D192644001E\2026-01-03\2026-01-03  (0e_fd-00_ff)\Manifest.db,exact_manifest_db,109002768,2026-01-03 05:16:26,OPAQUE_HIGH_ENTROPY,7.999808,c149e76adf380cc62461f848332f6dfa9cc8588b52867c79e948a7563b8b8f16,59d3537354e6ac423b6ed11d13575cf486bce9827bbfa7501e65a4b2a7068888,9f84e7c4f49ab09b5c8f715a8d6fd6fc306c99baa8481f513780dc47a15c0fbf,NO,,,,,,
mini2,2026-01-03,2026-01,2026-01-03 00:00:00,H:\Manifest\My_Device\mini2\00008101-001D0D192644001E\2026-01-03\2026-01-03-051650  0e_fd,Manifest.db,H:\Manifest\My_Device\mini2\00008101-001D0D192644001E\2026-01-03\2026-01-03-051650  0e_fd\Manifest.db,exact_manifest_db,109002768,2026-01-03 05:16:26,OPAQUE_HIGH_ENTROPY,7.999808,c149e76adf380cc62461f848332f6dfa9cc8588b52867c79e948a7563b8b8f16,59d3537354e6ac423b6ed11d13575cf486bce9827bbfa7501e65a4b2a7068888,9f84e7c4f49ab09b5c8f715a8d6fd6fc306c99baa8481f513780dc47a15c0fbf,NO,,,,,,
mini2,2026-01-12,2026-01,2026-01-12 00:00:00,H:\Manifest\My_Device\mini2\00008101-001D0D192644001E\2026-01-12\2026-01-12-014900  00_ff,Manifest.db,H:\Manifest\My_Device\mini2\00008101-001D0D192644001E\2026-01-12\2026-01-12-014900  00_ff\Manifest.db,exact_manifest_db,84877328,2026-04-19 18:41:02,OPAQUE_HIGH_ENTROPY,7.999816,9f7a9d3c64de57814a5d747e4489c604ca646a8035c02e8045ed8a3ff4bcefd2,8281d0c7c4c0a14a27c05d94958091c810f945586118156a0f3dfc22c435862e,45fe4876d6a3b6ed024ccdc10768f75a4868fb764a942c6d01b622e787e0e203,NO,,,,,,
mini2,2026-01-12,2026-01,2026-01-12 00:00:00,H:\Manifest\My_Device\mini2\00008101-001D0D192644001E\2026-01-12\2026-01-12-031000  00_ff,Manifest.db,H:\Manifest\My_Device\mini2\00008101-001D0D192644001E\2026-01-12\2026-01-12-031000  00_ff\Manifest.db,exact_manifest_db,84803600,2026-04-19 18:42:42,OPAQUE_HIGH_ENTROPY,7.999833,baa3297929eeaf333b89a4525945b0eadee74a436403a989ad084f0f333aa1ab,8a07f6daba23eb86872f95871e0e7ffd1feae134355b3b3cc8a77ff06618f0ab,ef8995d5753bbeafc4ed5d0c26275d8466a4fd0529376cedda6807b4a67668ae,NO,,,,,,
